hidden1_dim,hidden2_dim,learning_rate,epochs,patience,number_of_batches,learning_shrink,input_dim,random_state,train_mse,val_mse,best_val_loss_train_loop,final_learning_rate,epochs_ran,status,seconds,error
64,32,0.1,100,1,40,True,16,0,0.02978473557816521,0.0298189815931108,0.0298742263009552,0.04782969,31.0,ok,56.304,
64,32,0.1,100,1,40,False,16,0,0.02945870550219126,0.0294422138646692,0.0294653971333936,0.1,28.0,ok,47.557,
64,32,0.1,100,1,400,True,16,0,0.02920280260234176,0.0292253817024501,0.0292346785870965,0.081,14.0,ok,29.332,
64,32,0.1,100,1,400,False,16,0,0.029082456707231887,0.0291050256918403,0.0291116287029765,0.1,16.0,ok,28.917,
64,32,0.1,100,1,4000,True,16,0,0.02864776795862321,0.0286941714212575,0.0287090350286014,0.1,8.0,ok,10.915,
64,32,0.1,100,1,4000,False,16,0,0.028553174011767456,0.0286701201799982,0.0285798011369483,0.1,11.0,ok,14.771,
64,32,0.1,100,3,40,True,16,0,0.02981241290540134,0.0297862020971856,0.0298977892122114,0.0166771816996665,60.0,ok,99.086,
64,32,0.1,100,3,40,False,16,0,0.029310119022381738,0.0292803990018851,0.0293627517967294,0.1,100.0,ok,237.017,
64,32,0.1,100,3,400,True,16,0,0.028882408748003154,0.028927170349416,0.0289599583236846,0.031381059609,40.0,ok,75.666,
64,32,0.1,100,3,400,False,16,0,0.02883643209650317,0.0288729333553162,0.0289174136814535,0.1,32.0,ok,20.892,
64,32,0.1,100,3,4000,True,16,0,0.02830935395441447,0.0283904888610352,0.0283759996372125,0.0729,24.0,ok,14.894,
64,32,0.1,100,3,4000,False,16,0,0.02842050239827846,0.0284904481484745,0.0284010130991238,0.1,18.0,ok,11.18,
64,32,0.1,100,5,40,True,16,0,0.029774558240058417,0.0297320631413241,0.029841924324618,0.0121576654590569,66.0,ok,55.732,
64,32,0.1,100,5,40,False,16,0,0.029505579010706853,0.0294819656935322,0.0295440087850505,0.1,100.0,ok,85.477,
64,32,0.1,100,5,400,True,16,0,0.028933932790524287,0.0289551717340737,0.0289427213656941,0.04782969,25.0,ok,18.886,
64,32,0.1,100,5,400,False,16,0,0.028655036938292966,0.0286908346669439,0.0286986618676934,0.1,100.0,ok,67.817,
64,32,0.1,100,5,4000,True,16,0,0.028247090168362538,0.0283499404028284,0.0282990127349874,0.059049,24.0,ok,15.317,
64,32,0.1,100,5,4000,False,16,0,0.02844403078347752,0.0285636994255949,0.0282476758547386,0.1,40.0,ok,25.716,
64,32,0.1,100,10,40,True,16,0,0.03083675784623767,0.030769054409512,0.0309892343552339,0.031381059609,35.0,ok,31.192,
64,32,0.1,100,10,40,False,16,0,0.02924832620388683,0.0292295232651946,0.0293060419194842,0.1,100.0,ok,88.599,
64,32,0.1,100,10,400,True,16,0,0.029143617841287533,0.0291726580721719,0.0291561238424993,0.0047101286972462,99.0,ok,84.223,
64,32,0.1,100,10,400,False,16,0,0.02870266146557369,0.0287306289754926,0.0287530030351437,0.1,100.0,ok,92.949,
64,32,0.1,100,10,4000,True,16,0,0.02832488201217373,0.0284160380799486,0.0283153490524237,0.043046721,39.0,ok,31.19,
64,32,0.1,100,10,4000,False,16,0,0.028201139084978837,0.0283374973301493,0.028217860270224,0.1,43.0,ok,35.997,
64,32,0.1,100,20,40,True,16,0,0.029864808460148613,0.0298260818007737,0.0299572852860534,0.0042391158275216,100.0,ok,115.005,
64,32,0.1,100,20,40,False,16,0,0.029558781890008424,0.0295326855485739,0.0296279487112123,0.1,100.0,ok,115.452,
64,32,0.1,100,20,400,True,16,0,0.028878695676002382,0.0289214103467739,0.0289348141965623,0.0047101286972462,100.0,ok,109.399,
64,32,0.1,100,20,400,False,16,0,0.02836650658366579,0.0284515014260345,0.0284228998146946,0.1,100.0,ok,97.953,
64,32,0.1,100,20,4000,True,16,0,0.028112046415428575,0.0282828834613677,0.028180327868576,0.0088629381196525,80.0,ok,71.78,
64,32,0.1,100,20,4000,False,16,0,0.02816566609675244,0.0283593148328366,0.0281690173907661,0.1,66.0,ok,61.23,
64,32,0.01,100,1,40,True,16,0,0.030831527838684848,0.0308600419587207,0.0308847898587636,0.003486784401,99.0,ok,110.179,
64,32,0.01,100,1,40,False,16,0,0.029885653996825978,0.0298168895667075,0.0299872228318348,0.01,100.0,ok,107.979,
64,32,0.01,100,1,400,True,16,0,0.029375433180575675,0.02940935419237,0.0294670102392224,0.0081,33.0,ok,32.603,
64,32,0.01,100,1,400,False,16,0,0.029367484991662165,0.0294084423848544,0.0294237252332146,0.01,24.0,ok,24.134,
64,32,0.01,100,1,4000,True,16,0,0.029210135938667003,0.0292651125950655,0.0292736391231243,0.01,5.0,ok,4.36,
64,32,0.01,100,1,4000,False,16,0,0.029067730972002482,0.0291197484248575,0.0290718359855056,0.01,8.0,ok,7.068,
64,32,0.01,100,3,40,True,16,0,0.030583789449041773,0.0306376594926745,0.0305960042242935,0.003486784401,100.0,ok,120.261,
64,32,0.01,100,3,40,False,16,0,0.030603569214047235,0.0306946524431581,0.0306305483416415,0.01,100.0,ok,110.571,
64,32,0.01,100,3,400,True,16,0,0.029204027311876955,0.0292034361210368,0.0292991398718737,0.0043046721,43.0,ok,34.551,
64,32,0.01,100,3,400,False,16,0,0.02912907744151647,0.0291419075226685,0.0291674554940461,0.01,35.0,ok,27.336,
64,32,0.01,100,3,4000,True,16,0,0.029210127120984208,0.0291918059480485,0.0291555884992255,0.009,9.0,ok,7.04,
64,32,0.01,100,3,4000,False,16,0,0.02911922253818432,0.0291426635385105,0.0291539323471766,0.01,10.0,ok,7.113,
64,32,0.01,100,5,40,True,16,0,0.030393088001437165,0.0303984693182577,0.0304731798445434,0.00282429536481,100.0,ok,82.818,
64,32,0.01,100,5,40,False,16,0,0.030784579761424593,0.0308864066369821,0.0308182231414758,0.01,100.0,ok,83.325,
64,32,0.01,100,5,400,True,16,0,0.029157912845062427,0.0291579968958111,0.0292143286765649,0.00387420489,45.0,ok,28.278,
64,32,0.01,100,5,400,False,16,0,0.029093238717555002,0.0290983637530533,0.0291670166740793,0.01,55.0,ok,34.894,
64,32,0.01,100,5,4000,True,16,0,0.028909061004229072,0.0289221068837298,0.0289437557146743,0.00729,18.0,ok,12.219,
64,32,0.01,100,5,4000,False,16,0,0.028918934911635226,0.0289787901125644,0.0289235217447804,0.01,25.0,ok,16.772,
64,32,0.01,100,10,40,True,16,0,0.03109922653078854,0.0312126581367727,0.0311545014724228,0.003486784401,100.0,ok,94.263,
64,32,0.01,100,10,40,False,16,0,0.030132760294345588,0.0301313186026642,0.0301563747167399,0.01,100.0,ok,97.522,
64,32,0.01,100,10,400,True,16,0,0.029036730737601237,0.0290539018239009,0.0291071898947775,0.0015009463529699,72.0,ok,51.977,
64,32,0.01,100,10,400,False,16,0,0.029004253826932724,0.0289982497299907,0.0290529554941239,0.01,100.0,ok,70.537,
64,32,0.01,100,10,4000,True,16,0,0.028813617099728465,0.0288787934092236,0.0288741445286692,0.004782969,32.0,ok,22.753,
64,32,0.01,100,10,4000,False,16,0,0.028369427514927735,0.0284989699452717,0.0284312356202385,0.01,97.0,ok,67.975,
64,64,0.001,100,5,40,True,16,0,0.044987042733881745,0.0450737892606312,0.0451426370480511,0.001,100.0,ok,114.912,
64,64,0.001,100,5,40,False,16,0,0.04560500010003982,0.0458618637603482,0.0455870506416048,0.001,100.0,ok,119.52,
64,64,0.001,100,5,400,True,16,0,0.03180302696609888,0.0318962468155976,0.0317899779653975,0.00043046721,100.0,ok,110.538,
64,64,0.001,100,5,400,False,16,0,0.03024812608347285,0.0303768701903187,0.0302446675817869,0.001,100.0,ok,106.271,
64,64,0.001,100,5,4000,True,16,0,0.029001084328281336,0.0290178089675505,0.0290358366293631,0.0003486784401,47.0,ok,38.976,
64,64,0.001,100,5,4000,False,16,0,0.0288658706515553,0.0289283080776843,0.0289600188235759,0.001,76.0,ok,64.006,
64,64,0.001,100,10,40,True,16,0,0.043404696633320625,0.04341855680593,0.0438065077921534,0.001,100.0,ok,124.92,
64,64,0.001,100,10,40,False,16,0,0.04552235377091205,0.045481547440834,0.0454779316940944,0.001,100.0,ok,127.369,
64,64,0.001,100,10,400,True,16,0,0.030723330590197474,0.0307244136126165,0.0306930595011398,0.00031381059609,100.0,ok,110.301,
64,64,0.001,100,10,400,False,16,0,0.03058311885567249,0.030555761057969,0.0307254032692332,0.001,100.0,ok,112.913,
64,64,0.001,100,10,4000,True,16,0,0.02897768024008309,0.0290656883058728,0.0290590490200321,0.0001350851717672,77.0,ok,71.4,
64,64,0.001,100,10,4000,False,16,0,0.02890561844570339,0.0289525390119033,0.0289519875680528,0.001,99.0,ok,85.422,
64,64,0.001,100,20,40,True,16,0,0.04853016508161749,0.048426956769844,0.0485968412495087,0.001,100.0,ok,124.852,
64,64,0.001,100,20,40,False,16,0,0.046573163205707445,0.0468983417143444,0.0469698619587414,0.001,100.0,ok,126.983,
64,64,0.001,100,20,400,True,16,0,0.030932853453555256,0.0310456974379578,0.0309725278932695,0.00031381059609,100.0,ok,109.745,
64,64,0.001,100,20,400,False,16,0,0.031000808533338423,0.0311107565574137,0.0310418040782295,0.001,100.0,ok,112.461,
64,64,0.001,100,20,4000,True,16,0,0.02892269303441228,0.0289745220129938,0.0290299054569591,6.461081889226677e-05,100.0,ok,90.632,
64,64,0.001,100,20,4000,False,16,0,0.028826857407523915,0.0288621310725887,0.0288811233641105,0.001,100.0,ok,85.214,
64,128,0.1,100,1,40,True,16,0,0.029623276553803746,0.0297337541981639,0.0296715009128785,0.081,40.0,ok,70.511,
64,128,0.1,100,1,40,False,16,0,0.02956267814222718,0.0295471311684082,0.02962290165262,0.1,27.0,ok,47.966,
64,128,0.1,100,1,400,True,16,0,0.029066408989222754,0.0291135827935088,0.029138765224317,0.09,15.0,ok,29.585,
64,128,0.1,100,1,400,False,16,0,0.029021300375124622,0.0290258810508605,0.0291248555478866,0.1,17.0,ok,33.107,
64,128,0.1,100,1,4000,True,16,0,0.029071764537350622,0.0290717730761032,0.0290728707508382,0.1,7.0,ok,13.752,
64,128,0.1,100,1,4000,False,16,0,0.029071153496569288,0.0290725768518431,0.0291359078049735,0.1,6.0,ok,12.457,
64,128,0.1,100,3,40,True,16,0,0.02935706710723836,0.0294287096665247,0.0293770382938478,0.0205891132094649,78.0,ok,142.779,
64,128,0.1,100,3,40,False,16,0,0.029464561758305936,0.0294457719709843,0.0296451799925259,0.1,49.0,ok,91.843,
64,128,0.1,100,3,400,True,16,0,0.02915872941282584,0.0291603435231033,0.0292196033799646,0.0531441,24.0,ok,47.783,
64,128,0.1,100,3,400,False,16,0,0.028348099564308383,0.0284460527658184,0.0284273187702706,0.1,93.0,ok,178.35,
64,128,0.1,100,3,4000,True,16,0,0.028346892452629682,0.0284562461907864,0.0284138824531679,0.06561,25.0,ok,46.566,
64,128,0.1,100,3,4000,False,16,0,,,,,,error,6.415,"UnboundLocalError(""cannot access local variable 'best_params' where it is not associated with a value"")"
64,128,0.1,100,5,40,True,16,0,0.029930312031306538,0.0299434121375523,0.0299827423957027,0.0121576654590569,71.0,ok,124.279,
64,128,0.1,100,5,40,False,16,0,0.02918669427666092,0.0292481056670907,0.0292415412460712,0.1,100.0,ok,181.807,
64,128,0.1,100,5,400,True,16,0,0.02916128697176049,0.029151095145929,0.0292196559956067,0.022876792454961,48.0,ok,93.762,
64,128,0.1,100,5,400,False,16,0,0.029013375063928676,0.0290809909003782,0.0289583509093126,0.1,37.0,ok,65.81,
64,128,0.1,100,5,4000,True,16,0,0.02824921445989422,0.0283564863648804,0.0282965445747576,0.0282429536481,54.0,ok,98.628,
64,128,0.1,100,5,4000,False,16,0,0.028238707983516714,0.0283298448364252,0.0283242825650957,0.1,37.0,ok,67.876,
64,128,0.1,100,10,40,True,16,0,0.03012852998405698,0.0300635315416065,0.0302372823778291,0.0042391158275216,100.0,ok,177.904,
64,128,0.1,100,10,40,False,16,0,0.02923566652002663,0.0292406207880484,0.0292670871330389,0.1,100.0,ok,181.587,
64,128,0.1,100,10,400,True,16,0,0.029322598071958982,0.0293219321149679,0.0293966452593806,0.0052334763302736,93.0,ok,177.023,
64,128,0.1,100,10,400,False,16,0,0.028832639742417437,0.028877830860415,0.0288995354193472,0.1,97.0,ok,151.641,
64,128,0.1,100,10,4000,True,16,0,0.02890118518717022,0.0289395469450827,0.0289642862825085,0.0166771816996665,60.0,ok,108.675,
64,128,0.1,100,10,4000,False,16,0,0.02905595023913761,0.0291373453518761,0.0289948859689589,0.1,58.0,ok,106.544,
64,128,0.1,100,20,40,True,16,0,0.029460174102273695,0.0294214361519672,0.0295753131120245,0.0052334763302736,100.0,ok,181.595,
64,128,0.1,100,20,40,False,16,0,0.029416220266220938,0.0293999377325612,0.0294817138965791,0.1,100.0,ok,186.204,
64,128,0.1,100,20,400,True,16,0,0.02847859543011024,0.0285510263831338,0.0285559505705795,0.0047101286972462,100.0,ok,185.816,
64,128,0.1,100,20,400,False,16,0,0.02879842119956299,0.0288494379295416,0.0288656007390088,0.1,100.0,ok,188.599,
64,128,0.1,100,20,4000,True,16,0,0.02822962461075183,0.0283632944582803,0.0282912967253763,0.0109418989131512,73.0,ok,137.068,
64,128,0.1,100,20,4000,False,16,0,,,,,,error,36.988,"UnboundLocalError(""cannot access local variable 'best_params' where it is not associated with a value"")"
64,128,0.01,100,1,40,True,16,0,0.031391350423967714,0.0314897057646417,0.0315005595302949,0.0031381059609,100.0,ok,174.731,
64,128,0.01,100,1,40,False,16,0,0.0371126083377753,0.0370872662889072,0.0371909838654456,0.01,24.0,ok,43.288,
64,128,0.01,100,1,400,True,16,0,0.03076554799053164,0.0307992325945305,0.0307291903524849,0.01,12.0,ok,23.228,
64,128,0.01,100,1,400,False,16,0,0.030573895651198824,0.0306397265323344,0.030502890669101,0.01,12.0,ok,23.705,
64,128,0.01,100,1,4000,True,16,0,0.030036615044439295,0.0301584482031637,0.0299396765183689,0.01,3.0,ok,6.754,
64,128,0.01,100,1,4000,False,16,0,0.032429994558808385,0.0323605239686076,0.0300338717663048,0.01,3.0,ok,6.479,
64,128,0.01,100,3,40,True,16,0,0.03113559555997395,0.0314243975081346,0.0311636682152736,0.002541865828329,100.0,ok,185.735,
64,128,0.01,100,3,40,False,16,0,0.030722725724213966,0.0307121816552026,0.0307333256593605,0.01,100.0,ok,181.166,
64,128,0.01,100,3,400,True,16,0,0.02942423307424956,0.0295108883628358,0.0293195151485595,0.0081,30.0,ok,57.657,
64,128,0.01,100,3,400,False,16,0,0.02896126926634322,0.0289578721489454,0.0290206079956618,0.01,50.0,ok,96.179,
64,128,0.01,100,3,4000,True,16,0,0.03143854002122551,0.0314355004781306,0.0293776386690902,0.009,8.0,ok,17.434,
64,128,0.01,100,3,4000,False,16,0,0.029338212878704147,0.0294113480128331,0.029004987535881,0.01,13.0,ok,25.301,
64,128,0.01,100,5,40,True,16,0,0.03175143726109516,0.0318194790823148,0.0319009619858321,0.003486784401,100.0,ok,181.111,
64,128,0.01,100,5,40,False,16,0,0.030791395033126907,0.0307533134588154,0.0308999988067394,0.01,100.0,ok,183.218,
64,128,0.01,100,5,400,True,16,0,0.028961361078504312,0.0290302438311593,0.0290048408229952,0.0016677181699666,74.0,ok,118.842,
64,128,0.01,100,5,400,False,16,0,0.02889777240046257,0.0289248780410098,0.0289953939295748,0.01,51.0,ok,84.019,
64,128,0.01,100,5,4000,True,16,0,0.02920315207315254,0.0292317406763288,0.028899007149601,0.0081,14.0,ok,26.038,
64,128,0.01,100,5,4000,False,16,0,0.030441633835932156,0.0304185711359304,0.0289729504094483,0.01,17.0,ok,31.905,
64,128,0.01,100,10,40,True,16,0,0.03130627989456357,0.0313153376440696,0.0313549034973944,0.002541865828329,100.0,ok,163.926,
64,128,0.01,100,10,40,False,16,0,0.030707558294356663,0.0307246952243735,0.030759050129406,0.01,100.0,ok,174.4,
64,128,0.01,100,10,400,True,16,0,0.02895764130359111,0.0290279912957916,0.0290438282910971,0.0009847709021836,89.0,ok,155.251,
64,128,0.01,100,10,400,False,16,0,0.028939168568150174,0.0290240087142992,0.0288130932508849,0.01,100.0,ok,193.665,
64,128,0.01,100,10,4000,True,16,0,0.028609343056091485,0.028710738107723,0.0286690799804764,0.0007976644307687,91.0,ok,165.48,
64,128,0.01,100,10,4000,False,16,0,0.028846088171615308,0.0289584927288588,0.0288982160484427,0.01,28.0,ok,50.925,
64,128,0.01,100,20,40,True,16,0,0.03104830125196126,0.0311251620851747,0.0311148707642564,0.0031381059609,100.0,ok,169.544,
64,128,0.01,100,20,40,False,16,0,0.030898522227297397,0.0309064203847857,0.0310196835479954,0.01,100.0,ok,183.094,
64,128,0.01,100,20,400,True,16,0,0.028870947676115328,0.0289060823932392,0.0289035773517436,0.0007178979876918,96.0,ok,184.213,
64,128,0.01,100,20,400,False,16,0,0.02885608610627662,0.0289358622844155,0.0288838416118224,0.01,100.0,ok,187.275,
64,128,0.01,100,20,4000,True,16,0,0.028599171306922338,0.0287098902622477,0.0286852821012885,0.0009847709021836,91.0,ok,166.986,
64,128,0.01,100,20,4000,False,16,0,0.02900886061181746,0.0291210465897612,0.0288066815264986,0.01,36.0,ok,67.406,
64,128,0.001,100,1,40,True,16,0,0.042824478602027795,0.0428908946845148,0.0430113176916672,0.001,100.0,ok,179.912,
64,128,0.001,100,1,40,False,16,0,0.04494164295776045,0.044963739586246,0.0456143813101552,0.001,100.0,ok,171.422,
64,128,0.001,100,1,400,True,16,0,0.0316496006040542,0.0317308149450509,0.0316787317964273,0.0004782969,100.0,ok,186.45,
128,32,0.01,100,20,40,True,16,0,,0.0304057240352495,0.0304135857853584,0.0305438609646705,0.0022876792454961,100,ok,129.735
128,32,0.01,100,20,40,False,16,0,,0.0302666636440169,0.0302913886369991,0.0302901866395441,0.01,100,ok,131.924
128,32,0.01,100,20,400,True,16,0,,0.0289344443093021,0.0289874712319019,0.0289909871744242,0.0005814973700304,100,ok,128.551
128,32,0.01,100,20,400,False,16,0,,0.0288264458701721,0.0289020429396434,0.0288823085192093,0.01,100,ok,133.353
128,32,0.01,100,20,4000,True,16,0,,0.0286750411985588,0.0287521948683295,0.0287254215594106,0.0004239115827521,100,ok,111.228
128,32,0.01,100,20,4000,False,16,0,,0.0283180120250712,0.0284247813597748,0.028350141550455,0.01,100,ok,112.467
128,32,0.001,100,1,40,True,16,0,,0.0424696871201087,0.0423471089566041,0.0427015841742889,0.001,100,ok,147.369
128,32,0.001,100,1,40,False,16,0,,0.0471910033932009,0.047039611064162,0.0475190446614054,0.001,100,ok,143.007
128,32,0.001,100,1,400,True,16,0,,0.0308483674615874,0.0308914132633534,0.0309152192202819,0.000387420489,92,ok,118.836
128,32,0.001,100,1,400,False,16,0,,0.0302306599119334,0.0302829921087702,0.0303477651695455,0.001,100,ok,148.377
128,32,0.001,100,1,4000,True,16,0,,0.0291975393383134,0.0292616167427961,0.0292431951473011,0.000729,24,ok,26.722
128,32,0.001,100,1,4000,False,16,0,,0.0291388133074202,0.0291964435027585,0.0291430667013477,0.001,30,ok,33.432
128,32,0.001,100,3,40,True,16,0,,0.0486042653831383,0.048843247923889,0.0488554221220943,0.001,100,ok,151.488
128,32,0.001,100,3,40,False,16,0,,0.0411353037625946,0.0411448521096834,0.0412562062443545,0.001,100,ok,141.983
128,32,0.001,100,3,400,True,16,0,,0.030668557228067,0.0306578008805124,0.0307114449152945,0.0001667718169966,100,ok,135.907
128,32,0.001,100,3,400,False,16,0,,0.0302745619738409,0.0304308393858751,0.0303125280903561,0.001,100,ok,130.914
128,32,0.001,100,3,4000,True,16,0,,0.0290982336928163,0.0291337253613408,0.0291595509780831,0.000531441,38,ok,42.206
128,32,0.001,100,3,4000,False,16,0,,0.028920246954316,0.0289417928890118,0.0290014695754771,0.001,64,ok,69.948
128,32,0.001,100,5,40,True,16,0,,0.0434424309676694,0.0433387362362402,0.0436177887807165,0.001,100,ok,145.997
128,32,0.001,100,5,40,False,16,0,,0.043076903950179,0.0430670536294062,0.043200808430567,0.001,100,ok,143.32
128,32,0.001,100,5,400,True,16,0,,0.0303686764811663,0.030354031165988,0.0303927413560585,0.0001667718169966,100,ok,136.094
128,32,0.001,100,5,400,False,16,0,,0.0308974825168457,0.0310596013431155,0.0309916384502395,0.001,100,ok,136.22
128,32,0.001,100,5,4000,True,16,0,,0.0290945668501768,0.0291362284931012,0.0291261114118582,0.0003486784401,46,ok,51.499
128,32,0.001,100,5,4000,False,16,0,,0.0289388251757431,0.0289772278141502,0.0290017345604117,0.001,52,ok,58.152
128,32,0.001,100,10,40,True,16,0,,0.0435593603119669,0.0437071663119083,0.0439305543865681,0.001,100,ok,144.509
128,32,0.001,100,10,40,False,16,0,,0.0484477755218797,0.048648401354876,0.0484935613038521,0.001,100,ok,144.928
128,32,0.001,100,10,400,True,16,0,,0.031296906480608,0.0313681756555454,0.0313305503447579,0.00043046721,100,ok,131.695
128,32,0.001,100,10,400,False,16,0,,0.0307570992141138,0.030836227677453,0.030907519558535,0.001,100,ok,135.982
128,32,0.001,100,10,4000,True,16,0,,0.0290485411758995,0.0290634335247148,0.0290861744777333,0.0001350851717672,74,ok,83.122
128,32,0.001,100,10,4000,False,16,0,,0.0288683616615945,0.0288957261355647,0.0289496638412347,0.001,100,ok,105.992
128,32,0.001,100,20,40,True,16,0,,0.0422845154782133,0.0423218192488289,0.0422622118292468,0.001,100,ok,143.021
128,32,0.001,100,20,40,False,16,0,,0.0455513577974833,0.045951755449015,0.0457009973354868,0.001,100,ok,145.943
128,32,0.001,100,20,400,True,16,0,,0.0306290908224801,0.0306894377585146,0.0306238309671802,0.0002541865828329,100,ok,134.62
128,32,0.001,100,20,400,False,16,0,,0.0295819796437815,0.0295926054995735,0.0296181448453686,0.001,100,ok,134.866
128,32,0.001,100,20,4000,True,16,0,,0.02899426851152,0.0290695542298218,0.0290173261030265,6.461081889226677e-05,100,ok,100.575
128,32,0.001,100,20,4000,False,16,0,,0.0288510199884775,0.0288917506110526,0.0289205414748486,0.001,100,ok,102.074
128,64,0.1,100,1,40,True,16,0,,0.0301697483222162,0.0301008291357824,0.0303180233648215,0.04782969,30,ok,54.24
128,64,0.1,100,1,40,False,16,0,,0.0309141044864856,0.0308206034603471,0.0310570543328095,0.1,7,ok,13.2
128,64,0.1,100,1,400,True,16,0,,0.0293542057536962,0.0293804885772774,0.0293864802241789,0.09,16,ok,29.624
128,64,0.1,100,1,400,False,16,0,,0.0290686560810126,0.0291263262845211,0.0290868135449264,0.1,21,ok,34.428
128,64,0.1,100,1,4000,True,16,0,,0.0292409759544512,0.0292619796683572,0.029222226593965,0.1,4,ok,8.863
128,64,0.1,100,1,4000,False,16,0,,0.0292049614991953,0.0291927124547816,0.0290528348845275,0.1,6,ok,13.03
128,64,0.1,100,3,40,True,16,0,,0.0299595290995386,0.0299228917193514,0.0300627205348007,0.0109418989131512,68,ok,126.488
128,64,0.1,100,3,40,False,16,0,,0.0308781088926203,0.0307847448613083,0.0310213243541003,0.1,9,ok,17.509
128,64,0.1,100,3,400,True,16,0,,0.0288263747363921,0.0288584116211376,0.0289112305053319,0.0387420489,33,ok,62.319
128,64,0.1,100,3,400,False,16,0,,0.0287198766413476,0.0287789416398968,0.0287868714902471,0.1,55,ok,98.757
128,64,0.1,100,3,4000,True,16,0,,0.0282985166924403,0.0284049292943124,0.0283257601499386,0.06561,21,ok,40.781
128,64,0.1,100,3,4000,False,16,0,,0.0283685669329597,0.0284697216655928,0.0283005603039154,0.1,21,ok,41.639
128,64,0.1,100,5,40,True,16,0,,0.0292233218238447,0.0292297224447137,0.0292375544072634,0.02541865828329,59,ok,105.405
128,64,0.1,100,5,40,False,16,0,,0.0290337408292092,0.029059132528018,0.0291278563325675,0.1,100,ok,183.596
128,64,0.1,100,5,400,True,16,0,,0.028914907758819,0.0289595237136654,0.0290036773361657,0.0098477090218361,76,ok,141.37
128,64,0.1,100,5,400,False,16,0,,0.0286210114996637,0.0286878415762424,0.0286580020762796,0.1,37,ok,57.571
128,64,0.1,100,5,4000,True,16,0,,0.0291431706939572,0.0291476397092674,0.0291559734776365,0.081,18,ok,35.017
128,64,0.1,100,5,4000,False,16,0,,0.0282966950580898,0.0284230323610916,0.0282581679849399,0.1,31,ok,61.038
128,64,0.1,100,10,40,True,16,0,,0.0308739958607649,0.0307904653023737,0.0310236526980033,0.04782969,25,ok,45.08
128,64,0.1,100,10,40,False,16,0,,0.0296001701907016,0.0296115475647843,0.0296608511456376,0.1,100,ok,182.941
128,64,0.1,100,10,400,True,16,0,,0.0286405561533813,0.0286863753916314,0.028708548752101,0.0042391158275216,100,ok,208.141
128,64,0.1,100,10,400,False,16,0,,0.0287040961579177,0.0287619763257141,0.0287337776949135,0.1,89,ok,139.023
128,64,0.1,100,10,4000,True,16,0,,0.0281942911600021,0.0283169613978301,0.028247546060018,0.0166771816996665,63,ok,123.298
128,64,0.1,100,10,4000,False,16,0,,0.0281862802521597,0.028339251590867,0.0282315326696801,0.1,42,ok,84.155
128,64,0.1,100,20,40,True,16,0,,0.0308426841205387,0.030757763697419,0.0309783219853967,0.031381059609,38,ok,70.429
128,64,0.1,100,20,40,False,16,0,,0.0290673812702945,0.029088260877757,0.029105768449591,0.1,100,ok,180.632
128,64,0.1,100,20,400,True,16,0,,0.0286250953549151,0.0286581913447717,0.0286686836008912,0.0047101286972462,100,ok,178.897
128,64,0.1,100,20,400,False,16,0,,0.0284338281584139,0.0285052531412199,0.0284636900582272,0.1,100,ok,201.966
128,64,0.1,100,20,4000,True,16,0,,0.0284976442100857,0.028597786704649,0.0285776095356401,0.0042391158275216,100,ok,201.26
128,64,0.1,100,20,4000,False,16,0,,0.0280646834398571,0.0282253481888306,0.0281299048838072,0.1,100,ok,195.983
128,64,0.01,100,1,40,True,16,0,,0.0310669035080479,0.0310150977137815,0.0311938070443152,0.00387420489,91,ok,166.224
128,64,0.01,100,1,40,False,16,0,,0.0311445113062025,0.031194240287101,0.03125820935911,0.01,100,ok,182.9
128,64,0.01,100,1,400,True,16,0,,0.0295406786879053,0.0296050570353534,0.0295121308365988,0.009,28,ok,50.833
128,64,0.01,100,1,400,False,16,0,,0.0293644928616757,0.0294499187977396,0.0294779747610553,0.01,32,ok,58.344
128,64,0.01,100,1,4000,True,16,0,,0.0296049685527815,0.0296561600537113,0.0291595698221616,0.01,5,ok,10.509
128,64,0.01,100,1,4000,False,16,0,,0.0290307563677946,0.0291140617805317,0.029056616958098,0.01,8,ok,16.176
128,64,0.01,100,3,40,True,16,0,,0.0310512480785832,0.0311248498321275,0.031200507083094,0.00282429536481,100,ok,180.057
128,64,0.01,100,3,40,False,16,0,,0.0303655397718391,0.0303650772605946,0.030513460371985,0.01,100,ok,187.144
128,64,0.01,100,3,400,True,16,0,,0.028991636858188,0.0290192546109537,0.029048713331222,0.00531441,40,ok,71.365
128,64,0.01,100,3,400,False,16,0,,0.0289217235281528,0.0289453852477243,0.0289836493552987,0.01,52,ok,92.963
128,64,0.01,100,3,4000,True,16,0,,0.0288293045863928,0.0289381760287754,0.0287545772014979,0.0081,18,ok,36.685
128,64,0.01,100,3,4000,False,16,0,,0.0290577638850645,0.0290764609455499,0.0290251222489165,0.01,9,ok,20.616
128,64,0.01,100,5,40,True,16,0,,0.0310322037736094,0.0311216116328861,0.0311301186016572,0.00282429536481,100,ok,201.615
128,64,0.01,100,5,40,False,16,0,,0.030567218292307,0.0306815390239254,0.0306453729632853,0.01,100,ok,194.494
128,64,0.01,100,5,400,True,16,0,,0.0289398761947919,0.0290247908609143,0.0290089727042488,0.0018530201888518,74,ok,142.296
128,64,0.01,100,5,400,False,16,0,,0.0286924094847193,0.0287604708714068,0.0287981235085066,0.01,96.0,ok,141.898
128,64,0.01,100,5,4000,True,16,0,,0.0288045603303464,0.0288646431898908,0.0288881539930428,0.00729,20.0,ok,39.411
128,64,0.01,100,5,4000,False,16,0,,0.0286730040333913,0.0287844621721889,0.0286901171669223,0.01,25.0,ok,48.795
128,64,0.01,100,10,40,True,16,0,,0.0309185045042378,0.0310426592044726,0.0310106571786349,0.0022876792454961,100.0,ok,172.758
128,64,0.01,100,10,40,False,16,0,,0.031199216086311,0.0312537431430573,0.0312267023916632,0.01,100.0,ok,178.309
128,64,0.01,100,10,400,True,16,0,,0.0289328967060768,0.0290134114727712,0.0290035005672987,0.0012157665459056,80.0,ok,146.385
128,64,0.01,100,10,400,False,16,0,,0.0288332737711346,0.0288866250318293,0.0288571657436324,0.01,100.0,ok,187.518
128,64,0.01,100,10,4000,True,16,0,,0.0283917818489275,0.0285079393841678,0.0284520936902116,0.0007976644307687,89.0,ok,169.668
128,64,0.01,100,10,4000,False,16,0,,0.028669578972926,0.0287934287959868,0.0286679766491202,0.01,40.0,ok,80.729
128,64,0.01,100,20,40,True,16,0,,0.0310433114852779,0.0310014306149184,0.031121676883099,0.0031381059609,100.0,ok,181.515
128,64,0.01,100,20,40,False,16,0,,0.0311147475731797,0.0312329192260843,0.0311973015690508,0.01,100.0,ok,177.472
128,64,0.01,100,20,400,True,16,0,,0.0289589155966054,0.0290318366613927,0.029012228738406,0.0007178979876918,100.0,ok,185.01
128,64,0.01,100,20,400,False,16,0,,0.0287897628361529,0.0288559596808212,0.0288215101122375,0.01,100.0,ok,185.724
128,64,0.01,100,20,4000,True,16,0,,0.028516122809803,0.0286143852471109,0.0285958130329909,0.0007976644307687,85.0,ok,163.882
128,64,0.01,100,20,4000,False,16,0,,0.0285695423706468,0.0287368134872683,0.0285436189458033,0.01,100.0,ok,201.437
128,64,0.001,100,1,40,True,16,0,,0.042504691968316,0.0422908099779693,0.0426950070834388,0.001,100.0,ok,179.481
128,64,0.001,100,1,40,False,16,0,,0.0455868570070124,0.0459247191580757,0.0452865023914673,0.001,100.0,ok,180.311
128,64,0.001,100,1,400,True,16,0,,0.0309511833471141,0.0311116625589417,0.0310142975383858,0.0003486784401,94.0,ok,180.046
128,64,0.001,100,1,400,False,16,0,,0.0303317675491784,0.0303087265321881,0.0303679254992184,0.001,100.0,ok,187.012
128,64,0.001,100,1,4000,True,16,0,,0.0293574529193604,0.0294262489963387,0.0294181190351515,0.00081,27.0,ok,51.798
128,64,0.001,100,1,4000,False,16,0,,0.0292447556234438,0.0293093177695408,0.0292304949100332,0.001,29.0,ok,56.381
128,64,0.001,100,3,40,True,16,0,,0.0426223435802042,0.0425418183561696,0.0426792674147931,0.001,100.0,ok,184.86
128,64,0.001,100,3,40,False,16,0,,0.0445598668884081,0.0448388529733355,0.0445043919197326,0.001,100.0,ok,173.534
128,64,0.001,100,3,400,True,16,0,,0.0306979666402201,0.0307526838710055,0.030776216386615,0.0002541865828329,100.0,ok,146.474
128,64,0.001,100,3,400,False,16,0,,0.0304212904237941,0.0304789320421146,0.030456036962745,0.001,100.0,ok,185.115
128,64,0.001,100,3,4000,True,16,0,,0.0290036991423942,0.0290397772712636,0.0290652955915326,0.00043046721,47.0,ok,97.416
128,64,0.001,100,3,4000,False,16,0,,0.0288990418964808,0.028973113387391,0.0289850317132363,0.001,58.0,ok,109.297
128,64,0.001,100,5,40,True,16,0,,0.044989224203224,0.0448686868291264,0.045090896333166,0.001,100.0,ok,177.434
128,64,0.001,100,5,40,False,16,0,,0.0447320786619484,0.0448051318385325,0.0449950892311157,0.001,100.0,ok,184.219
128,64,0.001,100,5,400,True,16,0,,0.0310226891785919,0.0310596611143338,0.031135392367375,0.0002541865828329,100.0,ok,187.869
128,64,0.001,100,5,400,False,16,0,,0.0297638521071442,0.0297852364131216,0.0298672034735647,0.001,100.0,ok,186.701
128,64,0.001,100,5,4000,True,16,0,,0.0290641297558524,0.029164781522351,0.0291504475760422,0.0002058911320946,67.0,ok,138.99
128,64,0.001,100,5,4000,False,16,0,,0.028967375100034,0.0290085320410054,0.0289205194937148,0.001,79.0,ok,161.901
128,64,0.001,100,10,40,True,16,0,,0.0473677886631447,0.0474154670698674,0.0473063976406346,0.001,100.0,ok,177.011
128,64,0.001,100,10,40,False,16,0,,0.0413982323382122,0.0415557759000736,0.0414072947397742,0.001,100.0,ok,183.282
128,64,0.001,100,10,400,True,16,0,,0.031356677998673,0.0315284958269335,0.0314468200480832,0.000282429536481,100.0,ok,191.581
128,64,0.001,100,10,400,False,16,0,,0.0303793954874932,0.0304971038448342,0.0305145459810487,0.001,100.0,ok,183.634
128,64,0.001,100,10,4000,True,16,0,,0.0289229624007454,0.0289638046193064,0.0289837706433622,9.847709021836118e-05,90.0,ok,181.622
128,64,0.001,100,10,4000,False,16,0,,0.0287609702679375,0.0288840896134998,0.028843439370778,0.001,100.0,ok,197.966
128,64,0.001,100,20,40,True,16,0,,0.0428018719789066,0.042404729172442,0.0429415966837224,0.001,100.0,ok,180.868
128,64,0.001,100,20,40,False,16,0,,0.0439923335824951,0.0441037844446137,0.0440090458101755,0.001,100.0,ok,182.537
128,64,0.001,100,20,400,True,16,0,,0.0308785698895317,0.0310214348910478,0.030971030168208,0.00031381059609,100.0,ok,192.48
128,64,0.001,100,20,400,False,16,0,,0.0307595416982572,0.0308679571633268,0.0307741601765424,0.001,100.0,ok,181.559
128,64,0.001,100,20,4000,True,16,0,,0.028957241945377,0.0289996025056672,0.0290109782271868,6.461081889226677e-05,100.0,ok,194.85
128,64,0.001,100,20,4000,False,16,0,,0.0287375174098309,0.0287923205397019,0.0287923891753146,0.001,100.0,ok,203.663
128,128,0.1,100,1,40,True,16,0,,0.030337897515446,0.0303024590809644,0.0304482949457551,0.059049,21.0,ok,49.298
128,128,0.1,100,1,40,False,16,0,,0.030888286163689,0.0308002412920781,0.0310297458516059,0.1,2.0,ok,5.378
128,128,0.1,100,1,400,True,16,0,,0.0290107162111504,0.029047656676384,0.0290252486592478,0.1,8.0,ok,18.522
128,128,0.1,100,1,400,False,16,0,,0.0290466847958525,0.0290783977380865,0.0290840137556601,0.1,10.0,ok,22.985
128,128,0.1,100,1,4000,True,16,0,,0.0294212110375693,0.0294461068612676,0.0294695855846644,0.1,2.0,ok,6.564
128,128,0.1,100,1,4000,False,16,0,,0.0286446694518957,0.028747393281254,0.028587086232103,0.1,8.0,ok,23.833
128,128,0.1,100,3,40,True,16,0,,0.0308857532220956,0.03079497736723,0.0310148405352798,0.0729,11.0,ok,26.111
128,128,0.1,100,3,40,False,16,0,"UnboundLocalError(""cannot access local variable 'best_params' where it is not associated with a value"")",,,,,,error,6.982
128,128,0.1,100,3,400,True,16,0,,0.0293710267647285,0.0293746487741026,0.0294255575912734,0.03486784401,46.0,ok,102.32
128,128,0.1,100,3,400,False,16,0,,0.0289253438176573,0.0289750483142328,0.0289693271332501,0.1,35.0,ok,80.219
128,128,0.1,100,3,4000,True,16,0,,0.0283837523123854,0.0284683634721203,0.0283611927650784,0.0729,18.0,ok,56.103
128,128,0.1,100,3,4000,False,16,0,"UnboundLocalError(""cannot access local variable 'best_params' where it is not associated with a value"")",,,,,,error,9.513
128,128,0.1,100,5,40,True,16,0,"UnboundLocalError(""cannot access local variable 'best_params' where it is not associated with a value"")",,,,,,error,12.199
128,128,0.1,100,5,40,False,16,0,,0.0299598397642455,0.0299420736121627,0.0300814280386035,0.1,100.0,ok,232.876
128,128,0.1,100,5,400,True,16,0,,0.0289710900509689,0.0289917858419429,0.0290119584528153,0.02541865828329,49.0,ok,111.29
128,128,0.1,100,5,400,False,16,0,,0.028407176413398,0.0284948590235147,0.0284435656245179,0.1,100.0,ok,232.07
128,128,0.1,100,5,4000,True,16,0,,0.0282906956363391,0.0284202709077128,0.0282464249219755,0.0531441,30.0,ok,88.959
128,128,0.1,100,5,4000,False,16,0,,0.0283349710261094,0.0284422458002775,0.0282729568671294,0.1,24.0,ok,69.618
128,128,0.1,100,10,40,True,16,0,,0.0300743769108256,0.0300222516488627,0.0301556357845931,0.0038152042447694,100.0,ok,234.26
128,128,0.1,100,10,40,False,16,0,,0.0291036239674687,0.0291199499415143,0.0291603814410591,0.1,100.0,ok,241.296
128,128,0.1,100,10,400,True,16,0,,0.0287798220564769,0.0288246707530709,0.0288106049884204,0.0150094635296999,61.0,ok,136.791
128,128,0.1,100,10,400,False,16,0,,0.0284685441795302,0.0285549304967595,0.0285176289160742,0.1,100.0,ok,229.905
128,128,0.1,100,10,4000,True,16,0,,0.028178505507189,0.0283166189139152,0.0282364212609601,0.0282429536481,50.0,ok,154.172
128,128,0.1,100,10,4000,False,16,0,,0.0281248964408003,0.0282907959521334,0.0281850750856995,0.1,75.0,ok,196.662
128,128,0.1,100,20,40,True,16,0,,0.029106375311493,0.0291210648171791,0.0291758855307774,0.0071789798769185,100.0,ok,230.862
128,128,0.1,100,20,40,False,16,0,"UnboundLocalError(""cannot access local variable 'best_params' where it is not associated with a value"")",,,,,,error,48.467
128,128,0.1,100,20,400,True,16,0,,0.0286959579788376,0.0287598622695929,0.028760017028605,0.0042391158275216,100.0,ok,195.255
128,128,0.1,100,20,400,False,16,0,,0.0284288516490724,0.0285225571743263,0.0284420315338699,0.1,100.0,ok,200.105
128,128,0.1,100,20,4000,True,16,0,"UnboundLocalError(""cannot access local variable 'best_params' where it is not associated with a value"")",,,,,,error,51.768
128,128,0.1,100,20,4000,False,16,0,"UnboundLocalError(""cannot access local variable 'best_params' where it is not associated with a value"")",,,,,,error,52.556
128,128,0.01,100,1,40,True,16,0,,0.0310668536368704,0.0311940677242251,0.031179317528501,0.0043046721,85.0,ok,196.364
128,128,0.01,100,1,40,False,16,0,,0.0318931076833527,0.0320419984615796,0.0320610397242508,0.01,52.0,ok,112.971
128,128,0.01,100,1,400,True,16,0,,0.0298809258204106,0.0299465288193499,0.0298762358617947,0.01,15.0,ok,29.314
128,128,0.01,100,1,400,False,16,0,,0.0296854028779505,0.0297813963223527,0.0297968095266331,0.01,19.0,ok,36.982
128,128,0.01,100,1,4000,True,16,0,,0.0293783774099476,0.0294355221191421,0.0293138701839573,0.01,4.0,ok,11.292
128,128,0.01,100,1,4000,False,16,0,,0.0292005999385459,0.0293270671950455,0.029088784932525,0.01,7.0,ok,20.311
64,32,0.01,100,20,40,True,16,0,,0.0310803565760986,0.0310454671534628,0.0311078755926696,0.00282429536481,100,ok,82.026
64,32,0.01,100,20,40,False,16,0,,0.0306104810236553,0.0306174541943535,0.0306054762155871,0.01,100,ok,81.886
64,32,0.01,100,20,400,True,16,0,,0.0290225565806605,0.0290910582234806,0.0290585368750951,0.0006461081889226,100,ok,60.067
64,32,0.01,100,20,400,False,16,0,,0.0289956299313413,0.0290000711983798,0.0290231511418479,0.01,100,ok,67.323
64,32,0.01,100,20,4000,True,16,0,,0.028821615133901,0.0288321911038537,0.0288910811285612,0.0004710128697246,96,ok,61.321
64,32,0.01,100,20,4000,False,16,0,,0.0286447429262707,0.0287255757255075,0.0287305026634778,0.01,96,ok,60.648
64,32,0.001,100,1,40,True,16,0,,0.0474034529793544,0.0472145723515928,0.0475726550045039,0.001,100,ok,91.433
64,32,0.001,100,1,40,False,16,0,,0.0423547783639863,0.0424022519509677,0.0424168447193809,0.001,100,ok,93.016
64,32,0.001,100,1,400,True,16,0,,0.030357986072873,0.0303521039764351,0.0304125186251885,0.0003486784401,92,ok,67.513
64,32,0.001,100,1,400,False,16,0,,0.0306784198244885,0.0307009638501915,0.0307315368645822,0.001,100,ok,75.76
64,32,0.001,100,1,4000,True,16,0,,0.0293849737485397,0.0294353086848241,0.0295169494736969,0.00081,27,ok,18.54
64,32,0.001,100,1,4000,False,16,0,,0.0292849095215882,0.029297434636468,0.0293556675977448,0.001,29,ok,20.412
64,32,0.001,100,3,40,True,16,0,,0.0414806484036004,0.0415501099543553,0.0416733426338343,0.001,100,ok,96.833
64,32,0.001,100,3,40,False,16,0,,0.0448454426076937,0.0447198843254299,0.0447066203078309,0.001,100,ok,97.491
64,32,0.001,100,3,400,True,16,0,,0.0307766421389024,0.0307814189931343,0.0308005528144197,0.0002541865828329,100,ok,80.127
64,32,0.001,100,3,400,False,16,0,,0.0306872345187859,0.0308240415928994,0.0307745558927476,0.001,100,ok,79.166
64,32,0.001,100,3,4000,True,16,0,,0.0292396006673769,0.0292828846676312,0.0292949733628138,0.000531441,38,ok,27.401
64,32,0.001,100,3,4000,False,16,0,,0.0291365540866891,0.029139759005556,0.0291778690673486,0.001,45,ok,32.781
64,32,0.001,100,5,40,True,16,0,,0.0478359115994792,0.0478325777268952,0.0479643487619279,0.001,100,ok,96.786
64,32,0.001,100,5,40,False,16,0,,0.0526564639506799,0.0524569902271056,0.0523262998334563,0.001,100,ok,97.105
64,32,0.001,100,5,400,True,16,0,,0.0308660498502284,0.03091606346887,0.0309508020600939,0.0003486784401,100,ok,79.493
64,32,0.001,100,5,400,False,16,0,,0.0302230698081278,0.0302171955873951,0.030279690812805,0.001,100,ok,79.25
64,32,0.001,100,5,4000,True,16,0,,0.0290994046148968,0.0291176007920936,0.0291374151086404,0.000282429536481,59,ok,42.325
64,32,0.001,100,5,4000,False,16,0,,0.0288900975321853,0.0289123620666006,0.0289858873355485,0.001,86,ok,59.607
64,32,0.001,100,10,40,True,16,0,,0.0483511910225063,0.048997836551384,0.0484279517070666,0.001,100,ok,92.292
64,32,0.001,100,10,40,False,16,0,,0.0443065764876819,0.0444028244602909,0.0443037196027936,0.001,100,ok,91.959
64,32,0.001,100,10,400,True,16,0,,0.0314643018765531,0.031523782444114,0.0315448111206696,0.00043046721,100,ok,72.736
64,32,0.001,100,10,400,False,16,0,,0.03081630868947,0.0308062526137978,0.0309140990936431,0.001,100.0,ok,74.993
64,32,0.001,100,10,4000,True,16,0,,0.0291218710227386,0.0291350743113877,0.0291729189969512,9.847709021836118e-05,88.0,ok,59.917
64,32,0.001,100,10,4000,False,16,0,,0.0289258051942483,0.0289536779071107,0.0289720977926044,0.001,100.0,ok,68.936
64,32,0.001,100,20,40,True,16,0,,0.0454103106408765,0.0453920806437256,0.045539956436718,0.001,100.0,ok,97.225
64,32,0.001,100,20,40,False,16,0,,0.0421240030091889,0.0421964321102714,0.0420423598612807,0.001,100.0,ok,96.782
64,32,0.001,100,20,400,True,16,0,,0.0315612658201889,0.0314990491404193,0.0317150706144267,0.00043046721,100.0,ok,80.312
64,32,0.001,100,20,400,False,16,0,,0.0303172906690799,0.0303385814448097,0.0303100636178403,0.001,100.0,ok,79.156
64,32,0.001,100,20,4000,True,16,0,,0.0291130465745807,0.0291204075025078,0.0291642897004433,5.81497370030401e-05,100.0,ok,69.923
64,32,0.001,100,20,4000,False,16,0,,0.0290055778052679,0.0290209874069049,0.0290122437180245,0.001,100.0,ok,71.05
64,64,0.1,100,1,40,True,16,0,,0.0301128570875577,0.0301205780282558,0.0302077753933031,0.04782969,32.0,ok,40.483
64,64,0.1,100,1,40,False,16,0,,0.0295197147626695,0.0295192778419965,0.0296284049003471,0.1,40.0,ok,49.378
64,64,0.1,100,1,400,True,16,0,,0.0291928858471894,0.0292191014089886,0.0292879248684816,0.06561,23.0,ok,24.0
64,64,0.1,100,1,400,False,16,0,,0.0291444276915419,0.0291373654671475,0.0292084617378017,0.1,18.0,ok,18.854
64,64,0.1,100,1,4000,True,16,0,,0.0288563839666263,0.028932537823035,0.0289328093217042,0.1,5.0,ok,4.534
64,64,0.1,100,1,4000,False,16,0,,0.0291903402007704,0.0291829341129976,0.0291378244046597,0.1,4.0,ok,3.842
64,64,0.1,100,3,40,True,16,0,,0.0304392267752909,0.0304127263984857,0.0305218637246839,0.0282429536481,43.0,ok,53.346
64,64,0.1,100,3,40,False,16,0,,0.0293454220074443,0.0293464714310374,0.0294567286594959,0.1,89.0,ok,110.07
64,64,0.1,100,3,400,True,16,0,,0.0289187932716017,0.0289117572050373,0.0289966046435946,0.04782969,31.0,ok,33.009
64,64,0.1,100,3,400,False,16,0,,0.0289792725448869,0.0290136150650846,0.0290314007365889,0.1,32.0,ok,34.578
64,64,0.1,100,3,4000,True,16,0,,0.0284087867168478,0.0284900953822033,0.0283464976839173,0.06561,23.0,ok,20.982
64,64,0.1,100,3,4000,False,16,0,,0.0283102598200161,0.0284275870241874,0.0283562133567417,0.1,19.0,ok,18.264
64,64,0.1,100,5,40,True,16,0,,0.0301777096976776,0.0301673059524847,0.0303318088195353,0.0109418989131512,74.0,ok,95.084
64,64,0.1,100,5,40,False,16,0,,0.0296697888735993,0.0296364655674962,0.0297301621834704,0.1,100.0,ok,129.296
64,64,0.1,100,5,400,True,16,0,,0.0289316809766735,0.0289362381459676,0.0290407167503505,0.0135085171767299,67.0,ok,73.174
64,64,0.1,100,5,400,False,16,0,,0.0284183835592046,0.0285153951519499,0.0284968959457531,0.1,75.0,ok,82.188
64,64,0.1,100,5,4000,True,16,0,,0.0282732793567271,0.028388637317835,0.0283854641454955,0.06561,25.0,ok,22.466
64,64,0.1,100,5,4000,False,16,0,,0.0283009118763966,0.0284157797142162,0.0283297352207853,0.1,23.0,ok,20.703
64,64,0.1,100,10,40,True,16,0,,0.0296212448946582,0.0296633621035971,0.029705034395378,0.0052334763302736,96.0,ok,123.987
64,64,0.1,100,10,40,False,16,0,,0.0292763697912469,0.0292378045819363,0.0293373882576187,0.1,100.0,ok,128.914
64,64,0.1,100,10,400,True,16,0,,0.0287923670114364,0.0288095225409295,0.0288650552861125,0.0052334763302736,98.0,ok,106.522
64,64,0.1,100,10,400,False,16,0,,0.02853688980218,0.0286378961866365,0.0286050373969889,0.1,100.0,ok,103.546
64,64,0.1,100,10,4000,True,16,0,"UnboundLocalError(""cannot access local variable 'best_params' where it is not associated with a value"")",,,,,,error,8.336
64,64,0.1,100,10,4000,False,16,0,,0.0283059537810229,0.028409323668934,0.0283124584129011,0.1,34.0,ok,28.544
64,64,0.1,100,20,40,True,16,0,,0.0297914603743538,0.0297659957008851,0.0298913531657061,0.0042391158275216,100.0,ok,123.48
64,64,0.1,100,20,40,False,16,0,,0.0296576667930351,0.0296392847352112,0.0297349672892704,0.1,100.0,ok,125.03
64,64,0.1,100,20,400,True,16,0,,0.0290552031576786,0.0290527630442445,0.0291082553879366,0.0038152042447694,100.0,ok,108.119
64,64,0.1,100,20,400,False,16,0,,0.0283079636599439,0.0284056286875153,0.0283347086081956,0.1,100.0,ok,108.681
64,64,0.1,100,20,4000,True,16,0,,0.0281510546057195,0.0283135784441025,0.0282073463976942,0.0052334763302736,98.0,ok,89.07
64,64,0.1,100,20,4000,False,16,0,,0.0281450822908571,0.0282692561539608,0.0281709056319332,0.1,84.0,ok,75.389
64,64,0.01,100,1,40,True,16,0,,0.0311797407539549,0.0310893289281871,0.0312718621431666,0.003486784401,100.0,ok,122.859
64,64,0.01,100,1,40,False,16,0,,0.0310602250799498,0.031192428143749,0.0310782778498542,0.01,100.0,ok,124.304
64,64,0.01,100,1,400,True,16,0,,0.0298539171503606,0.029946350464913,0.0296567494661843,0.01,20.0,ok,21.266
64,64,0.01,100,1,400,False,16,0,,0.029756603009903,0.0298513618126373,0.0297938681233334,0.01,19.0,ok,20.113
64,64,0.01,100,1,4000,True,16,0,,0.0296006836168519,0.0296672848233298,0.0294938807573176,0.01,3.0,ok,2.986
64,64,0.01,100,1,4000,False,16,0,,0.0291966158127695,0.0292220162169872,0.0291817315393948,0.01,5.0,ok,4.574
64,64,0.01,100,3,40,True,16,0,,0.0306676068533339,0.0306703626217246,0.0307298151862552,0.0031381059609,100.0,ok,126.002
64,64,0.01,100,3,40,False,16,0,,0.0310304485900622,0.0310248488578423,0.0311835603036995,0.01,100.0,ok,129.407
64,64,0.01,100,3,400,True,16,0,,0.0290583142426532,0.0290589880434869,0.0290966552545966,0.0059049,34.0,ok,37.5
64,64,0.01,100,3,400,False,16,0,,0.0290889465120344,0.0291198773470532,0.0291594656952964,0.01,38.0,ok,42.426
64,64,0.01,100,3,4000,True,16,0,,0.0301909005387309,0.0302257983146793,0.0293205267926905,0.009,6.0,ok,5.875
64,64,0.01,100,3,4000,False,16,0,,0.0296007837798875,0.0296263315959978,0.0292571763127909,0.01,6.0,ok,5.866
64,64,0.01,100,5,40,True,16,0,,0.0311410138454514,0.0311602376199544,0.0312405022337522,0.003486784401,100.0,ok,128.866
64,64,0.01,100,5,40,False,16,0,,0.0302941921052925,0.0303749576807148,0.0303292937118367,0.01,100.0,ok,129.151
64,64,0.01,100,5,400,True,16,0,,0.0290787582345545,0.0291641602562174,0.0291350520567094,0.002541865828329,64.0,ok,69.866
64,64,0.01,100,5,400,False,16,0,,0.0290335977211086,0.0290749820467849,0.0290750987214374,0.01,56.0,ok,61.155
64,64,0.01,100,5,4000,True,16,0,,0.0289668077836556,0.0290016123925035,0.0290047880143222,0.0081,15.0,ok,14.347
64,64,0.01,100,5,4000,False,16,0,,0.0290262969633474,0.0290851963482219,0.0289504947606896,0.01,18.0,ok,16.689
64,64,0.01,100,10,40,True,16,0,,0.0316327511753342,0.0314639344021826,0.0315388504259166,0.00387420489,100.0,ok,124.223
64,64,0.01,100,10,40,False,16,0,,0.0300637616133663,0.0300724534801566,0.0300681842420631,0.01,100.0,ok,123.188
64,64,0.01,100,10,400,True,16,0,,0.028994878047833,0.029013834285197,0.0290435453029556,0.0008862938119652,90.0,ok,93.983
64,64,0.01,100,10,400,False,16,0,,0.0289090514499467,0.0289639581810201,0.0289140369371946,0.01,85.0,ok,91.089
64,64,0.01,100,10,4000,True,16,0,,0.0285586618845766,0.0286384848895275,0.0286094069129108,0.0010941898913151,80.0,ok,72.064
64,64,0.01,100,10,4000,False,16,0,,0.0290222960025656,0.0291174538543802,0.0287806330459735,0.01,53.0,ok,47.141
64,64,0.01,100,20,40,True,16,0,,0.0309218775051664,0.0309816794443172,0.0310193743879301,0.0031381059609,100.0,ok,130.257
64,64,0.01,100,20,40,False,16,0,,0.0305201825283352,0.0305914484946041,0.0306184008175717,0.01,100.0,ok,129.629
64,64,0.01,100,20,400,True,16,0,,0.029043533392653,0.029095706641458,0.0291118428673216,0.0006461081889226,100.0,ok,109.04
64,64,0.01,100,20,400,False,16,0,,0.0289006177866406,0.0289548049608844,0.0289300264609464,0.01,100.0,ok,109.96
64,64,0.01,100,20,4000,True,16,0,,0.0287858088181856,0.0288208520094186,0.028842430541452,0.0005233476330273,100.0,ok,88.157
64,64,0.01,100,20,4000,False,16,0,,0.0284615587637692,0.0285573888239898,0.0285042038035478,0.01,100.0,ok,86.174
64,64,0.001,100,1,40,True,16,0,,0.0463273430024474,0.0459829425667702,0.0463051364720188,0.001,100.0,ok,112.772
64,64,0.001,100,1,40,False,16,0,,0.045963722989632,0.0462150518222715,0.0462076217688558,0.001,100.0,ok,125.499
64,64,0.001,100,1,400,True,16,0,,0.0305981766843945,0.0306628058515746,0.0306907387339307,0.000387420489,90.0,ok,93.667
64,64,0.001,100,1,400,False,16,0,,0.0303631641755738,0.0304591509570004,0.0304646555125393,0.001,100.0,ok,106.369
64,64,0.001,100,1,4000,True,16,0,,0.0293782419502437,0.0294069408552488,0.0294486426804995,0.0009,23.0,ok,20.528
64,64,0.001,100,1,4000,False,16,0,,0.0293369097038904,0.0293794984475247,0.0293518948767254,0.001,25.0,ok,22.375
64,64,0.001,100,3,40,True,16,0,,0.0459102211905661,0.0457414498134571,0.0457360985398535,0.001,100.0,ok,128.252
64,64,0.001,100,3,40,False,16,0,,0.051260216925815,0.0510832863000742,0.0514263220366982,0.001,100.0,ok,128.355
64,64,0.001,100,3,400,True,16,0,,0.0305691947481904,0.030621643488176,0.030579669342988,0.0002058911320946,100.0,ok,108.127
64,64,0.001,100,3,400,False,16,0,,0.0303017371906128,0.0303847696657003,0.0304163123999401,0.001,100.0,ok,107.873
64,64,0.001,100,3,4000,True,16,0,,0.0291658982033535,0.0292005804110469,0.0292248995839257,0.000387420489,54.0,ok,48.365
64,64,0.001,100,3,4000,False,16,0,,0.0291324086182965,0.0291780684034048,0.0291457084802843,0.001,45.0,ok,39.907
64,128,0.001,100,1,400,False,16,0,,0.0307185324008824,0.0307803388618674,0.0307698220296753,0.001,100,ok,185.08
64,128,0.001,100,1,4000,True,16,0,,0.0294746358842153,0.0295830432927348,0.0294930821395014,0.0009,29,ok,51.947
64,128,0.001,100,1,4000,False,16,0,,0.0296939424247131,0.0297615509163606,0.0297533707087387,0.001,22,ok,40.38
64,128,0.001,100,3,40,True,16,0,,0.0461705686838132,0.0461070007498987,0.0463166698079215,0.001,100,ok,178.986
64,128,0.001,100,3,40,False,16,0,,0.0470960932728519,0.0474085300939268,0.0472013915759738,0.001,100,ok,183.246
64,128,0.001,100,3,400,True,16,0,,0.0318605004240876,0.031922572189871,0.032009230309134,0.000387420489,100,ok,191.784
64,128,0.001,100,3,400,False,16,0,,0.0307654072262232,0.0308191681584492,0.0309133611932796,0.001,100,ok,191.447
64,128,0.001,100,3,4000,True,16,0,,0.0290565190271897,0.0291134866579094,0.0291118945457196,0.00043046721,51,ok,88.284
64,128,0.001,100,3,4000,False,16,0,,0.0289693291407979,0.0290369416811906,0.0290069918834621,0.001,55,ok,96.823
64,128,0.001,100,5,40,True,16,0,,0.0456836100430166,0.0459290627713347,0.0455833727402721,0.001,100,ok,174.189
64,128,0.001,100,5,40,False,16,0,,0.0473081380097072,0.0473589577475431,0.0478003847838668,0.001,100,ok,181.33
64,128,0.001,100,5,400,True,16,0,,0.0311170911424612,0.0311311109441392,0.0312207145106072,0.00031381059609,100,ok,190.122
64,128,0.001,100,5,400,False,16,0,,0.0306462991908289,0.0306974873042391,0.0307500683325167,0.001,100,ok,190.691
64,128,0.001,100,5,4000,True,16,0,,0.0288998867602163,0.0289666992145214,0.0289423395305948,0.0003486784401,55,ok,97.505
64,128,0.001,100,5,4000,False,16,0,,0.0288501308975345,0.0289041958222623,0.0288848628903935,0.001,74,ok,130.18
64,128,0.001,100,10,40,True,16,0,,0.044491035823507,0.0442501678945492,0.0445477125136629,0.001,100,ok,175.611
64,128,0.001,100,10,40,False,16,0,,0.0456143249460636,0.0457549704336815,0.0454646950213893,0.001,100,ok,182.057
64,128,0.001,100,10,400,True,16,0,,0.0311534837120359,0.0312076560199512,0.0311863486197203,0.00031381059609,100,ok,191.236
64,128,0.001,100,10,400,False,16,0,,0.0308081652944471,0.0308611415045962,0.0309089577175397,0.001,100,ok,193.494
64,128,0.001,100,10,4000,True,16,0,,0.0288506194553876,0.0289410076519289,0.0289335830225822,0.0001215766545905,77,ok,141.119
64,128,0.001,100,10,4000,False,16,0,,0.0287765052896169,0.0288581039729594,0.0288511128426283,0.001,96,ok,168.586
64,128,0.001,100,20,40,True,16,0,,0.0455586044014537,0.0453470362659123,0.0458391282753777,0.001,100,ok,175.904
64,128,0.001,100,20,40,False,16,0,,0.0487840006762648,0.0490139744804541,0.0490389148826254,0.001,100,ok,182.735
64,128,0.001,100,20,400,True,16,0,,0.0307461706844895,0.0307484593480949,0.0307925249055858,0.0003486784401,100,ok,194.641
64,128,0.001,100,20,400,False,16,0,,0.0308631855859886,0.0308599752394558,0.0309344499036988,0.001,100,ok,190.953
64,128,0.001,100,20,4000,True,16,0,,0.0289092218051296,0.0289458388554253,0.0289703498995571,7.17897987691853e-05,100,ok,175.561
64,128,0.001,100,20,4000,False,16,0,,0.0287010893891486,0.0288311412909785,0.0287692780623307,0.001,100,ok,179.649
128,32,0.1,100,1,40,True,16,0,,0.0304209099561826,0.030366710461907,0.0305249252047045,0.04782969,24,ok,35.598
128,32,0.1,100,1,40,False,16,0,,0.0295305675268837,0.0295064637770451,0.0296182863109232,0.1,71,ok,105.913
128,32,0.1,100,1,400,True,16,0,,0.0293150330727224,0.0292973420695745,0.0293262256029238,0.09,19,ok,25.756
128,32,0.1,100,1,400,False,16,0,,0.0295938063887266,0.0295859548676002,0.0296187451480493,0.1,20,ok,27.602
128,32,0.1,100,1,4000,True,16,0,,0.0289840465507361,0.0290341920931291,0.028890402129799,0.1,6,ok,7.006
128,32,0.1,100,1,4000,False,16,0,,0.0290146145575423,0.0290722852596021,0.0290824353233906,0.1,3,ok,3.889
128,32,0.1,100,3,40,True,16,0,,0.0301388188480508,0.0301031277271874,0.0302944990792331,0.0079766443076872,75,ok,112.327
128,32,0.1,100,3,40,False,16,0,,0.0292907165288008,0.0292680431233482,0.0293861524694604,0.1,100,ok,149.755
128,32,0.1,100,3,400,True,16,0,,0.03086924722889,0.0307795080607491,0.0310161384008849,0.1,4,ok,6.121
128,32,0.1,100,3,400,False,16,0,,0.0286498735541514,0.0286926719378307,0.0286772664361045,0.1,50,ok,61.535
128,32,0.1,100,3,4000,True,16,0,,0.0284041732984773,0.0285035317180153,0.0284205279211446,0.09,14,ok,13.86
128,32,0.1,100,3,4000,False,16,0,,0.0283916505316127,0.0285091043965298,0.0283722674256173,0.1,15,ok,14.894
128,32,0.1,100,5,40,True,16,0,,0.0301673848397626,0.0301032818680948,0.0303230541370732,0.0034336838202925,100,ok,140.942
128,32,0.1,100,5,40,False,16,0,,0.0292161416114757,0.0292363570427971,0.0292503539797729,0.1,100,ok,144.4
128,32,0.1,100,5,400,True,16,0,,0.0290519061472826,0.0290792341169095,0.0291011149365733,0.0121576654590569,68,ok,89.11
128,32,0.1,100,5,400,False,16,0,,0.0284324685909842,0.028494857059664,0.0284563247074586,0.1,86,ok,114.864
128,32,0.1,100,5,4000,True,16,0,,0.0282528273877951,0.0283454125019872,0.0282874770243332,0.04782969,33,ok,35.896
128,32,0.1,100,5,4000,False,16,0,,0.0284544460237183,0.0285674329975649,0.0284116790824659,0.1,17,ok,18.691
128,32,0.1,100,10,40,True,16,0,,0.0304299344723675,0.0303707034838151,0.0305281628080381,0.0079766443076872,76,ok,114.227
128,32,0.1,100,10,40,False,16,0,,0.0292394502413544,0.0292585302760133,0.0293096563632977,0.1,100,ok,140.558
128,32,0.1,100,10,400,True,16,0,,0.0289759767630662,0.0290180340967723,0.029017573084023,0.0135085171767299,68,ok,84.633
128,32,0.1,100,10,400,False,16,0,,0.0282785252285637,0.0283755899046892,0.0282666783871098,0.1,81,ok,103.117
128,32,0.1,100,10,4000,True,16,0,,0.0284433737718951,0.0285512957003759,0.0285012757279756,0.0109418989131512,78,ok,81.874
128,32,0.1,100,10,4000,False,16,0,,0.0281683370779209,0.0283612306371835,0.0281860495356386,0.1,74,ok,78.45
128,32,0.1,100,20,40,True,16,0,,0.0294104809093715,0.0294135292621832,0.029510133593894,0.005814973700304,100,ok,149.951
128,32,0.1,100,20,40,False,16,0,,0.0292937088020302,0.0293175415664648,0.0293098613529896,0.1,100,ok,150.241
128,32,0.1,100,20,400,True,16,0,,0.0286668283799561,0.0287347362296913,0.0287207392210924,0.0047101286972462,100,ok,132.564
128,32,0.1,100,20,400,False,16,0,,0.0284201870018807,0.0284612284962426,0.0284571049007774,0.1,100,ok,130.232
128,32,0.1,100,20,4000,True,16,0,,0.0281100753026588,0.0282653004102234,0.0282028951747722,0.0088629381196525,82,ok,79.129
128,32,0.1,100,20,4000,False,16,0,,0.0282000248148726,0.0284092504504014,0.0281541675385632,0.1,95,ok,93.878
128,32,0.01,100,1,40,True,16,0,,0.0306032046241131,0.0306633138073626,0.0306750058548959,0.003486784401,87,ok,125.136
128,32,0.01,100,1,40,False,16,0,,0.0308352723101352,0.0308630485843986,0.0309106546106652,0.01,100,ok,148.336
128,32,0.01,100,1,400,True,16,0,,0.0291541665178748,0.029202221760054,0.0291916566442687,0.006561,29,ok,38.995
128,32,0.01,100,1,400,False,16,0,,0.0291829771584072,0.0291987229797124,0.0292953472055152,0.01,25,ok,33.548
128,32,0.01,100,1,4000,True,16,0,,0.0290610577840141,0.0290885439907479,0.0290668397513517,0.01,6,ok,7.0
128,32,0.01,100,1,4000,False,16,0,,0.0289690065193932,0.0290259334979874,0.0289904658049021,0.01,8,ok,9.018
128,32,0.01,100,3,40,True,16,0,,0.0311998949959744,0.03124338020998,0.0313298686193189,0.00282429536481,100,ok,150.593
128,32,0.01,100,3,40,False,16,0,,0.0305617682772856,0.0305668827307926,0.0306236489219319,0.01,100,ok,150.228
128,32,0.01,100,3,400,True,16,0,,0.0290243725408047,0.0290735030674577,0.0291419315884848,0.003486784401,48,ok,64.112
128,32,0.01,100,3,400,False,16,0,,0.0290085060934474,0.0289954164820263,0.0290742543131525,0.01,54,ok,72.374
128,32,0.01,100,3,4000,True,16,0,,0.0290082543883241,0.029043355422975,0.0290431183078692,0.01,8,ok,8.21
128,32,0.01,100,3,4000,False,16,0,,0.0287961308131825,0.0287983272951024,0.028879440410448,0.01,23,ok,22.457
128,32,0.01,100,5,40,True,16,0,,0.0305763736219138,0.0306476501380158,0.0306303711294415,0.00282429536481,100,ok,140.82
128,32,0.01,100,5,40,False,16,0,,0.0297629807418862,0.0297920499867814,0.0298009070803701,0.01,100,ok,143.267
128,32,0.01,100,5,400,True,16,0,,0.0289231224395015,0.0289879351641077,0.0289865671161827,0.002541865828329,59,ok,76.261
128,32,0.01,100,5,400,False,16,0,,0.0290185921368509,0.0290394260327719,0.0290718092862811,0.01,59,ok,78.511
128,32,0.01,100,5,4000,True,16,0,,0.0288321084614174,0.0288884420082348,0.0288927063085651,0.006561,19,ok,20.806
128,32,0.01,100,5,4000,False,16,0,,0.0288860987109616,0.0289306969217021,0.0289111885347889,0.01,19,ok,20.986
128,32,0.01,100,10,40,True,16,0,,0.0311330705194956,0.0311423401927744,0.0311722235084492,0.0031381059609,100,ok,150.454
128,32,0.01,100,10,40,False,16,0,,0.0303703137719607,0.0303881258840194,0.0304747711665639,0.01,100,ok,150.041
128,32,0.01,100,10,400,True,16,0,,0.0291050161766448,0.0291708215444999,0.0291808655431258,0.0007178979876918,93,ok,123.836
128,32,0.01,100,10,400,False,16,0,,0.0288618401083104,0.028879317263114,0.0288990524161136,0.01,87,ok,115.519
128,32,0.01,100,10,4000,True,16,0,,0.0287619744741051,0.0288241969222844,0.0287748597438898,0.0018530201888518,60,ok,64.691
128,32,0.01,100,10,4000,False,16,0,,0.0283309759559547,0.0284338682110898,0.0283261129586202,0.01,100,ok,108.1
128,128,0.01,100,3,40,True,16,0,,0.0309250040096499,0.0309679407818449,0.0310866530533558,0.002541865828329,100,ok,228.291
128,128,0.01,100,3,40,False,16,0,,0.0306435789698025,0.030687419838288,0.0307873633614922,0.01,100,ok,237.709
128,128,0.01,100,3,400,True,16,0,,0.0289418156882338,0.0290410858846045,0.0290459103097667,0.00387420489,49,ok,116.439
128,128,0.01,100,3,400,False,16,0,,0.0291710331263707,0.0292270267575231,0.0292198824977763,0.01,39,ok,91.664
128,128,0.01,100,3,4000,True,16,0,,0.0288125456905641,0.0289261463652647,0.0288757987831398,0.0081,15,ok,46.809
128,128,0.01,100,3,4000,False,16,0,,0.0288701642356919,0.0290149962256183,0.0288616985079154,0.01,14,ok,45.533
128,128,0.01,100,5,40,True,16,0,,0.03043518828598,0.0305205944718239,0.0305316539024197,0.0018530201888518,100,ok,239.281
128,128,0.01,100,5,40,False,16,0,,0.0305061597561946,0.0305830252950272,0.0306368849624082,0.01,100,ok,231.624
128,128,0.01,100,5,400,True,16,0,,0.0290016171907226,0.0291107361135916,0.029001799726027,0.003486784401,55,ok,125.041
128,128,0.01,100,5,400,False,16,0,,0.0290494754706194,0.0291809652815473,0.0290942227142128,0.01,45,ok,106.745
128,128,0.01,100,5,4000,True,16,0,,0.0288194103298369,0.0289065277339564,0.0288835281672755,0.009,14,ok,44.28
128,128,0.01,100,5,4000,False,16,0,,0.0287850674919466,0.0288832555427277,0.0288120715265784,0.01,21,ok,66.397
128,128,0.01,100,10,40,True,16,0,,0.0307841809784148,0.0309097322125236,0.0308570913508642,0.002541865828329,100,ok,247.403
128,128,0.01,100,10,40,False,16,0,,0.0305716748265099,0.0306562042437292,0.0306476212403403,0.01,100,ok,236.925
128,128,0.01,100,10,400,True,16,0,,0.0288527392569556,0.0289291790807242,0.0289372202141363,0.0012157665459056,85,ok,184.305
128,128,0.01,100,10,400,False,16,0,,0.0288444465046783,0.0289149703242863,0.0289422042758788,0.01,71,ok,163.35
128,128,0.01,100,10,4000,True,16,0,,0.0286584129383607,0.0287789111601121,0.0287009092614478,0.003486784401,45,ok,141.865
128,128,0.01,100,10,4000,False,16,0,,0.0286028882099029,0.0287165731637407,0.0285814264753318,0.01,57,ok,168.801
128,128,0.01,100,20,40,True,16,0,,0.0310487121153863,0.0310527531397678,0.0310588819182299,0.0022876792454961,100,ok,225.055
128,128,0.01,100,20,40,False,16,0,,0.0302434884650839,0.0303338599556526,0.0302590418370821,0.01,100,ok,234.918
128,128,0.01,100,20,400,True,16,0,,0.0288318521964128,0.0288939584960912,0.0288749011415288,0.0005814973700304,100,ok,234.336
128,128,0.01,100,20,400,False,16,0,,0.0288940738193267,0.0289877629453761,0.0287142777093051,0.01,100,ok,230.378
128,128,0.01,100,20,4000,True,16,0,,0.0284491320196681,0.0286027060454734,0.0285700637024286,0.0006461081889226,98,ok,284.423
128,128,0.01,100,20,4000,False,16,0,,0.0282440507426683,0.0284222486301619,0.0283455302108422,0.01,100,ok,304.947
128,128,0.001,100,1,40,True,16,0,,0.0447711621726582,0.0449330347276048,0.0448375672381989,0.001,100,ok,229.249
128,128,0.001,100,1,40,False,16,0,,0.0447320093011009,0.0452831010680766,0.0445498637058504,0.001,100,ok,242.095
128,128,0.001,100,1,400,True,16,0,,0.0313872040563719,0.0314657808174,0.0314738427748831,0.00043046721,82,ok,209.036
128,128,0.001,100,1,400,False,16,0,,0.0308298087124664,0.0309436891171705,0.0308861404076525,0.001,95,ok,240.861
128,128,0.001,100,1,4000,True,16,0,,0.0294433924504133,0.0296047206394641,0.0295630789069096,0.0009,22,ok,98.304
128,128,0.001,100,1,4000,False,16,0,,0.0294061214947278,0.0294340245100277,0.0294284034732726,0.001,29,ok,147.933
128,128,0.001,100,3,40,True,16,0,,0.0439572806492534,0.0440751878309546,0.0440316823272763,0.001,100,ok,291.311
128,128,0.001,100,3,40,False,16,0,,0.0420767202711237,0.0419339448804221,0.0423738235149806,0.001,100,ok,271.792
128,128,0.001,100,3,400,True,16,0,,0.0307830109002173,0.0308663917886391,0.0308246278954202,0.0002287679245496,100,ok,299.181
128,128,0.001,100,3,400,False,16,0,,0.0304420678497786,0.0304387592048423,0.0305436550296209,0.001,100,ok,284.791
128,128,0.001,100,3,4000,True,16,0,,0.0291940180049587,0.0293194525037178,0.029297332444935,0.0006561,36,ok,139.627
128,128,0.001,100,3,4000,False,16,0,,0.0289281113489984,0.0290178599575829,0.0290256656464804,0.001,47,ok,173.045
128,128,0.001,100,5,40,True,16,0,,0.0454291231446917,0.0454077253224236,0.0454601844431159,0.001,100,ok,236.422
128,128,0.001,100,5,40,False,16,0,,0.0433640063828168,0.0436759351572794,0.0435508266870116,0.001,100,ok,246.08
128,128,0.001,100,5,400,True,16,0,,0.0314244394194265,0.0315924173333497,0.0314820799633217,0.0003486784401,100,ok,232.268
128,128,0.001,100,5,400,False,16,0,,0.03051633208822,0.0305016183337062,0.0305856355741229,0.001,100,ok,216.674
128,128,0.001,100,5,4000,True,16,0,,0.0289563977998639,0.029110799675689,0.0290701990307145,0.00031381059609,59,ok,180.384
128,128,0.001,100,5,4000,False,16,0,,0.0287990889637776,0.0288512732524955,0.0288148196856352,0.001,90,ok,274.73
128,128,0.001,100,10,40,True,16,0,,0.0455339897363696,0.0455720126976562,0.0455970117815469,0.001,100,ok,230.634
128,128,0.001,100,10,40,False,16,0,,0.0416189802096856,0.0417117637328287,0.0415762247941934,0.001,100,ok,243.051
128,128,0.001,100,10,400,True,16,0,,0.0308941324716975,0.0309544386810273,0.0309180675260687,0.0002541865828329,100,ok,231.223
128,128,0.001,100,10,400,False,16,0,,0.0303378701866211,0.0304433988733748,0.030351731343407,0.001,100,ok,216.525
128,128,0.001,100,10,4000,True,16,0,,0.0288403782200386,0.0289484516553973,0.0289745171826309,0.0001215766545905,89,ok,273.22
128,128,0.001,100,10,4000,False,16,0,,0.0287004785440349,0.0288172776793595,0.0288048874823491,0.001,100,ok,283.662
128,128,0.001,100,20,40,True,16,0,,0.0439337222765696,0.044115769937989,0.044182983909347,0.001,100,ok,239.1
128,128,0.001,100,20,40,False,16,0,,0.0429760028376838,0.04301440780232,0.0430691424686738,0.001,100,ok,238.829
128,128,0.001,100,20,400,True,16,0,,0.0308676781044006,0.0309250413292617,0.0310050310534934,0.000282429536481,100,ok,217.286
128,128,0.001,100,20,400,False,16,0,,0.0303239893246849,0.0304367949724066,0.0303433658216266,0.001,100,ok,229.958
128,128,0.001,100,20,4000,True,16,0,,0.0288549506168897,0.0289039317337872,0.0289449194609617,6.461081889226677e-05,100,ok,293.024
128,128,0.001,100,20,4000,False,16,0,,0.0286541554623974,0.028759798496904,0.0287358675672193,0.001,100,ok,296.374
256,32,0.1,100,1,40,True,16,0,,0.0296812299801476,0.0296582589971496,0.0297980198664144,0.0185302018885184,54,ok,129.3
256,32,0.1,100,1,40,False,16,0,,0.030763035044001,0.0306920328984191,0.0308922531838774,0.1,7,ok,17.221
256,32,0.1,100,1,400,True,16,0,,0.0308800479018191,0.0307904567370202,0.0310153661661535,0.1,2,ok,7.314
256,32,0.1,100,1,400,False,16,0,,0.0308536675951287,0.0307749780366852,0.0309862059417271,0.1,3,ok,10.53
256,32,0.1,100,1,4000,True,16,0,,0.0288672244262437,0.028894786752422,0.0288817398929912,0.1,7,ok,17.199
256,32,0.1,100,1,4000,False,16,0,,0.0295145034535562,0.0295264476162863,0.0293816138441722,0.1,4,ok,10.411
256,32,0.1,100,3,40,True,16,0,,0.0308741346290496,0.0307910237007537,0.0310164096168949,0.09,7,ok,17.416
256,32,0.1,100,3,40,False,16,0,,0.02915988157926,0.029163385673191,0.0291749275209727,0.1,63,ok,149.52
256,32,0.1,100,3,400,True,16,0,,0.0308136074686807,0.0307212842102427,0.0309513857109118,0.081,8,ok,25.376
256,32,0.1,100,3,400,False,16,0,,0.0285761655806253,0.0286432190390831,0.0285803803340119,0.1,35,ok,112.023
256,32,0.1,100,3,4000,True,16,0,,0.0283847870425945,0.0284805952372473,0.0284492248628006,0.059049,21,ok,53.875
256,32,0.1,100,3,4000,False,16,0,,0.0288211300114409,0.0288413859178299,0.0288707404686598,0.1,12,ok,31.378
256,32,0.1,100,5,40,True,16,0,,0.0296810864922649,0.0296771103792064,0.0297974156391391,0.0071789798769185,82,ok,194.399
256,32,0.1,100,5,40,False,16,0,,0.0291418727492951,0.0291215857906362,0.0292061223727305,0.1,99,ok,235.164
256,32,0.1,100,5,400,True,16,0,,0.0289025173955409,0.0289290520681093,0.0289291358458586,0.022876792454961,54,ok,172.736
256,32,0.1,100,5,400,False,16,0,,0.0283523778786781,0.0284260885551776,0.0284102880332493,0.1,87,ok,278.848
256,32,0.1,100,5,4000,True,16,0,,0.0282347395846594,0.0283580324025517,0.028308984596993,0.06561,23,ok,53.236
256,32,0.1,100,5,4000,False,16,0,,0.0285207087059126,0.0285829851023578,0.0283818154133882,0.1,17,ok,40.032
256,32,0.1,100,10,40,True,16,0,,0.0292356255157743,0.0292286473072466,0.029275777019694,0.0150094635296999,67,ok,158.011
256,32,0.1,100,10,40,False,16,0,,0.0296424368704284,0.0296052816532695,0.0296898044171194,0.1,100,ok,245.428
256,32,0.1,100,10,400,True,16,0,,0.0289200445991597,0.0289489311346702,0.0289516372762943,0.0135085171767299,69,ok,223.184
256,32,0.1,100,10,400,False,16,0,,0.0288392434083023,0.0288609591400078,0.0288590065790634,0.1,56,ok,174.673
256,32,0.1,100,10,4000,True,16,0,,0.0282493779029298,0.0283963530063883,0.0283386364160321,0.0098477090218361,87,ok,207.426
256,32,0.1,100,10,4000,False,16,0,,0.0281208041311071,0.0283000694009021,0.028198274798729,0.1,77,ok,191.276
256,32,0.1,100,20,40,True,16,0,,0.0306373082922412,0.0305386921410531,0.030759375116643,0.0038152042447694,97,ok,227.044
256,32,0.1,100,20,40,False,16,0,,0.0290668940088353,0.0290808608568888,0.0291052143985996,0.1,100,ok,240.574
256,32,0.1,100,20,400,True,16,0,,0.0286463988977465,0.0286974987570585,0.0287043846595267,0.0047101286972462,100,ok,318.346
256,32,0.1,100,20,400,False,16,0,,0.0287835441412634,0.028832649829787,0.0287771627485625,0.1,100,ok,292.26
256,32,0.1,100,20,4000,True,16,0,,0.0282855671716058,0.0284494547671096,0.0283594203603726,0.0064610818892266,100,ok,237.393
256,32,0.1,100,20,4000,False,16,0,,0.0281534239426387,0.0283331439795765,0.0282117660518721,0.1,67,ok,184.293
256,32,0.01,100,1,40,True,16,0,,0.0301990438946218,0.0302109819259038,0.0302814799332097,0.00387420489,70,ok,185.227
256,32,0.01,100,1,40,False,16,0,,0.0304450913041532,0.0304789152960616,0.0305237301911881,0.01,100,ok,251.764
256,32,0.01,100,1,400,True,16,0,,0.029141159000754,0.0291745099812893,0.0292536735392694,0.006561,34,ok,110.21
256,32,0.01,100,1,400,False,16,0,,0.0293558489187199,0.0293195483752286,0.0294480495556583,0.01,16,ok,52.637
256,32,0.01,100,1,4000,True,16,0,,0.0289122214329536,0.0289787992082208,0.0289655774811452,0.01,7,ok,19.294
256,32,0.01,100,1,4000,False,16,0,,0.0289049819297662,0.028968466023098,0.0289685220583927,0.01,7,ok,19.085
256,32,0.01,100,3,40,True,16,0,,0.0304095191272481,0.0305207102663444,0.0304680197810261,0.0016677181699666,100,ok,268.003
256,32,0.01,100,3,40,False,16,0,,0.0307244831135454,0.0308467960520048,0.0307539990652514,0.01,100,ok,252.023
256,32,0.01,100,3,400,True,16,0,,0.0290584872425596,0.0290611941382717,0.0291071613086371,0.0043046721,42,ok,135.971
256,32,0.01,100,3,400,False,16,0,,0.0289337031070361,0.0289822468180604,0.0289793497172339,0.01,44,ok,143.068
256,32,0.01,100,3,4000,True,16,0,,0.0286611597909824,0.0287589815674864,0.0287149741486567,0.00531441,26,ok,68.167
256,32,0.01,100,3,4000,False,16,0,,0.0288319418928614,0.0288926416247956,0.0289030871161154,0.01,9,ok,24.139
256,32,0.01,100,5,40,True,16,0,,0.031068035373621,0.0311871234142763,0.0311112294869306,0.0022876792454961,100,ok,250.95
256,32,0.01,100,5,40,False,16,0,,0.0306230658681128,0.0306180757570888,0.0306415285693312,0.01,100,ok,238.25
256,32,0.01,100,5,400,True,16,0,,0.0289206973280703,0.0289547881807775,0.0289809171361144,0.0020589113209464,67,ok,215.751
256,32,0.01,100,5,400,False,16,0,,0.0287439552170882,0.0287966452443385,0.0288350805739138,0.01,75,ok,241.57
256,32,0.01,100,5,4000,True,16,0,,0.0288257696742747,0.0288948914013359,0.0288415241368786,0.0081,15,ok,39.776
256,32,0.01,100,5,4000,False,16,0,,0.0284069110701113,0.0285308342640705,0.0285083423928633,0.01,44,ok,114.863
256,32,0.01,100,10,40,True,16,0,,0.0309756981150821,0.0310093045838343,0.031044339808084,0.0020589113209464,100,ok,237.584
256,32,0.01,100,10,40,False,16,0,,0.0300803950092684,0.0301441804279631,0.0301183407757721,0.01,100,ok,243.603
256,32,0.01,100,10,400,True,16,0,,0.0289139554346922,0.0289804650309535,0.0290164531329792,0.0010941898913151,83,ok,268.89
256,32,0.01,100,10,400,False,16,0,,0.028736877748575,0.028830797808841,0.0288203728944063,0.01,100,ok,316.211
256,32,0.01,100,10,4000,True,16,0,,0.0284309705201691,0.028553372439373,0.0285414961923536,0.0012157665459056,73,ok,202.383
256,32,0.01,100,10,4000,False,16,0,,0.0282430254493451,0.0283865320250783,0.0282470377416035,0.01,85,ok,239.522
256,32,0.01,100,20,40,True,16,0,,0.0304029787038493,0.0304454400487937,0.0305089897099166,0.0022876792454961,100,ok,241.341
256,32,0.01,100,20,40,False,16,0,,0.0300294227332637,0.0301741358549342,0.0301634845445078,0.01,100,ok,238.111
256,32,0.01,100,20,400,True,16,0,,0.0288902369579707,0.0289384875411803,0.0289350154095965,0.0005233476330273,100,ok,321.522
256,32,0.01,100,20,400,False,16,0,,0.0287272878696686,0.0288040124416947,0.0287964485981494,0.01,100,ok,312.001
256,32,0.01,100,20,4000,True,16,0,,0.0286563734019352,0.028712244538357,0.0287382375106752,0.0004239115827521,94,ok,239.882
256,32,0.01,100,20,4000,False,16,0,,0.0281576503241193,0.0283109732189183,0.0282104610172854,0.01,100,ok,245.728
256,32,0.001,100,1,40,True,16,0,,0.0383166587089062,0.0384177303702665,0.0383301578230856,0.001,100,ok,238.814
256,32,0.001,100,1,40,False,16,0,,0.040335852241085,0.0401985177556695,0.0403894026633578,0.001,100,ok,249.537
256,32,0.001,100,1,400,True,16,0,,0.0312710642625716,0.0313002502537048,0.0313061676417236,0.000387420489,91,ok,286.441
256,32,0.001,100,1,400,False,16,0,,0.0304402399922854,0.0305893816274834,0.0305502797600594,0.001,100,ok,319.068
256,32,0.001,100,1,4000,True,16,0,,0.0291767443537782,0.0292521092511696,0.0292134005994305,0.00081,25,ok,65.43
256,32,0.001,100,1,4000,False,16,0,,0.0290092724009497,0.0289849478894307,0.0290683719941785,0.001,24,ok,62.988
256,32,0.001,100,3,40,True,16,0,,0.0409472895882638,0.0410733323170195,0.0413148916049383,0.001,100,ok,234.436
256,32,0.001,100,3,40,False,16,0,,0.0410676314159511,0.041451540681533,0.0412392963124032,0.001,100,ok,241.25
256,32,0.001,100,3,400,True,16,0,,0.0311695864382987,0.031220723992321,0.0312921964835502,0.0002287679245496,100,ok,321.4
256,32,0.001,100,3,400,False,16,0,,0.0300953297651036,0.0301993766650685,0.0301700783786055,0.001,100,ok,316.614
256,32,0.001,100,3,4000,True,16,0,,0.0290126360453842,0.029078665256428,0.0291346164584236,0.000282429536481,59,ok,143.278
256,32,0.001,100,3,4000,False,16,0,,0.028907494273949,0.0289620006246074,0.0289704062680057,0.001,51,ok,128.257
256,32,0.001,100,5,40,True,16,0,,0.0398536898184737,0.0398103439797523,0.0398708697317122,0.001,100,ok,244.739
256,32,0.001,100,5,40,False,16,0,,0.0416779487652744,0.0415529613336417,0.0418440330581061,0.001,100,ok,235.701
256,32,0.001,100,5,400,True,16,0,,0.0315152568043302,0.0316058473705299,0.031725001891888,0.0003486784401,100,ok,320.206
256,32,0.001,100,5,400,False,16,0,,0.0304742114678121,0.03051720083051,0.0306118087965869,0.001,100,ok,317.987
256,32,0.001,100,5,4000,True,16,0,,0.0289270119429536,0.0289449694444493,0.0290293181259028,0.0002287679245496,60,ok,145.037
256,32,0.001,100,5,4000,False,16,0,,0.0286478465112438,0.0287503269117767,0.0287179251372712,0.001,69,ok,171.713
256,32,0.001,100,10,40,True,16,0,,0.0412183465415146,0.0414274818317329,0.0411680619882949,0.001,100,ok,250.455
256,32,0.001,100,10,40,False,16,0,,0.0392209434630279,0.0394323996972478,0.0392715489437933,0.001,100,ok,233.561
256,32,0.001,100,10,400,True,16,0,,0.0308464344015394,0.0308705090829872,0.0309071682320012,0.0002058911320946,100,ok,319.748
256,32,0.001,100,10,400,False,16,0,,0.0300372611543934,0.0300985673139196,0.0301453567410124,0.001,100,ok,316.761
256,32,0.001,100,10,4000,True,16,0,,0.0289168211024051,0.0289533755514247,0.0289811573501225,0.0001500946352969,72,ok,173.843
256,32,0.001,100,10,4000,False,16,0,,0.0287568254623374,0.0288588597976979,0.0288362269564293,0.001,100,ok,253.07
256,32,0.001,100,20,40,True,16,0,,0.0435269317005467,0.0434575787034728,0.0437663465485769,0.001,100,ok,235.883
256,32,0.001,100,20,40,False,16,0,,0.0372564793857498,0.0374014652210052,0.037531113985402,0.001,100,ok,241.328
256,32,0.001,100,20,400,True,16,0,,0.0316986940522556,0.031905262084521,0.0317743604313228,0.00031381059609,100,ok,322.425
256,32,0.001,100,20,400,False,16,0,,0.0296854188511,0.0296609746428368,0.0297488839730204,0.001,100,ok,310.906
256,32,0.001,100,20,4000,True,16,0,,0.0288221575796767,0.0288792646128379,0.0288803874052714,5.81497370030401e-05,100,ok,254.98
256,32,0.001,100,20,4000,False,16,0,,0.0287088885915828,0.0287650751254204,0.0287919377865809,0.001,100,ok,243.406
256,64,0.1,100,1,40,True,16,0,,0.0294044482205247,0.0293687060964441,0.0294500076980872,0.06561,25,ok,70.851
256,64,0.1,100,1,40,False,16,0,,0.0308677473025587,0.0307801493498441,0.0310020272361196,0.1,2,ok,6.698
256,64,0.1,100,1,400,True,16,0,,0.0290387716786134,0.0290789071177336,0.0290771633028823,0.0729,22,ok,82.114
256,64,0.1,100,1,400,False,16,0,,0.0290476237327799,0.0290467860973369,0.0290874931939609,0.1,9,ok,33.466
256,64,0.1,100,1,4000,True,16,0,,0.0289906538600363,0.0290641835019706,0.0289138205006082,0.1,4,ok,14.454
256,64,0.1,100,1,4000,False,16,0,,0.0287436135683721,0.0287799734294269,0.0287954826076526,0.1,6,ok,22.305
256,64,0.1,100,3,40,True,16,0,,0.0294203048255205,0.0294205985360699,0.0294676527674107,0.022876792454961,57,ok,167.629
256,64,0.1,100,3,40,False,16,0,,0.0294379112221439,0.0294341056423878,0.0294838002273157,0.1,75,ok,204.771
256,64,0.1,100,3,400,True,16,0,,0.0288334120300325,0.0288414520056365,0.0288787721136881,0.02541865828329,50,ok,182.548
256,64,0.1,100,3,400,False,16,0,,0.0284792871315923,0.028523369895038,0.0285179950726912,0.1,38,ok,142.904
256,64,0.1,100,3,4000,True,16,0,,0.0308716878279384,0.0307834474257344,0.0310074892250779,0.09,5,ok,19.042
256,64,0.1,100,3,4000,False,16,0,,0.0287904972898928,0.0288636776463962,0.0286996636086781,0.1,15,ok,54.05
256,64,0.1,100,5,40,True,16,0,,0.029996291875314,0.0299408426213743,0.0301036594825652,0.0034336838202925,100,ok,277.401
256,64,0.1,100,5,40,False,16,0,,0.0291304130765201,0.029136850881087,0.0291648908301278,0.1,100,ok,284.218
256,64,0.1,100,5,400,True,16,0,,0.0288233615521193,0.0288562812851114,0.028865965973169,0.0282429536481,41,ok,155.701
256,64,0.1,100,5,400,False,16,0,,0.0288329466170788,0.0288631739525816,0.0288639077880874,0.1,22,ok,83.694
256,64,0.1,100,5,4000,True,16,0,,0.0282493200742041,0.0283921771063814,0.0282855988883286,0.0531441,29,ok,96.511
256,64,0.1,100,5,4000,False,16,0,,0.0283939518051139,0.0284689844282847,0.028348543822194,0.1,24,ok,78.39
256,64,0.1,100,10,40,True,16,0,,0.030879387213475,0.0307914362680766,0.031020561947569,0.043046721,26.0,ok,71.818
256,64,0.1,100,10,40,False,16,0,,0.0295347267500633,0.0295156787461254,0.0296092357487036,0.1,100.0,ok,283.549
256,64,0.1,100,10,400,True,16,0,,0.0308710219442324,0.030783620892436,0.0310071387524275,0.06561,14.0,ok,53.932
256,64,0.1,100,10,400,False,16,0,,0.0286742967010554,0.0287432269401303,0.0287276916606928,0.1,100.0,ok,369.389
256,64,0.1,100,10,4000,True,16,0,,0.028135430752364,0.0283225800604374,0.0282401082668643,0.0064610818892266,93.0,ok,316.16
256,64,0.1,100,10,4000,False,16,0,,0.0282628653555499,0.0284188088977922,0.0283017284675622,0.1,31.0,ok,110.445
256,64,0.1,100,20,40,True,16,0,,0.0307172424542417,0.0306234611605801,0.0308346724377188,0.0034336838202925,100.0,ok,275.987
256,64,0.1,100,20,40,False,16,0,,0.0308646721412323,0.0307776077359417,0.0310032961399665,0.1,26.0,ok,73.479
256,64,0.1,100,20,400,True,16,0,,0.0288828601231072,0.0289283016710161,0.028920253832,0.0038152042447694,100.0,ok,373.109
256,64,0.1,100,20,400,False,16,0,,0.0287144989332417,0.0287592117438593,0.0287591628464984,0.1,100.0,ok,366.756
256,64,0.1,100,20,4000,True,16,0,,0.0281134338837907,0.028291821822393,0.0282098897213699,0.022876792454961,53.0,ok,180.612
256,64,0.1,100,20,4000,False,16,0,,0.0282905700526477,0.0284712524880268,0.028297226798456,0.1,100.0,ok,339.503
256,64,0.01,100,1,40,True,16,0,,0.0309483131861693,0.0310638368829762,0.031048334311819,0.003486784401,85.0,ok,240.686
256,64,0.01,100,1,40,False,16,0,,0.0299050129430856,0.0299371722009614,0.0300088977368439,0.01,96.0,ok,280.259
256,64,0.01,100,1,400,True,16,0,,0.0296805117800546,0.0297813641629996,0.0298493563553885,0.01,19.0,ok,63.779
256,64,0.01,100,1,400,False,16,0,,0.0293317862185968,0.0295003812622584,0.0294107540081987,0.01,25.0,ok,81.702
256,64,0.01,100,1,4000,True,16,0,,0.0289838154493572,0.0290487560337592,0.0289537614481806,0.01,5.0,ok,14.381
256,64,0.01,100,1,4000,False,16,0,,0.0292688684537034,0.029300706520495,0.029046398807034,0.01,5.0,ok,14.551
256,64,0.01,100,3,40,True,16,0,,0.0311229702746721,0.0312340939608204,0.0312377950639235,0.0022876792454961,100.0,ok,283.803
256,64,0.01,100,3,40,False,16,0,,0.0306277944276025,0.0307438210125413,0.0307314590432587,0.01,100.0,ok,296.189
256,64,0.01,100,3,400,True,16,0,,0.0289064881057464,0.0289727265016254,0.0289903785740552,0.0043046721,43.0,ok,155.75
256,64,0.01,100,3,400,False,16,0,,0.0289709206595446,0.0290612467653316,0.0291115695859245,0.01,43.0,ok,157.179
256,64,0.01,100,3,4000,True,16,0,,0.0289193663912368,0.0290568068044748,0.0288802488244337,0.0081,14.0,ok,49.81
256,64,0.01,100,3,4000,False,16,0,,0.028793274628079,0.0288794702469565,0.0287815465392105,0.01,11.0,ok,39.473
256,64,0.01,100,5,40,True,16,0,,0.0306851621731134,0.030720849507716,0.0307740867523451,0.0018530201888518,100.0,ok,288.069
256,64,0.01,100,5,40,False,16,0,,0.0308901175670523,0.0309927172456264,0.03103489510484,0.01,100.0,ok,278.075
256,64,0.01,100,5,400,True,16,0,,0.0289549108690106,0.029055337270647,0.0290536114157697,0.0016677181699666,73.0,ok,275.211
256,64,0.01,100,5,400,False,16,0,,0.0287157048857427,0.0287962176161256,0.0287789412453323,0.01,71.0,ok,266.856
256,64,0.01,100,5,4000,True,16,0,,0.0286201984615754,0.0287768249313003,0.0287007256215686,0.0059049,26.0,ok,84.386
256,64,0.01,100,5,4000,False,16,0,,0.0285516934848478,0.0286593403348502,0.0286800203476041,0.01,30.0,ok,100.501
256,64,0.01,100,10,40,True,16,0,,0.0307195911372142,0.0307386775254814,0.030770559428179,0.0018530201888518,100.0,ok,288.518
256,64,0.01,100,10,40,False,16,0,,0.0307911670900074,0.0308980091005588,0.0308710802358983,0.01,100.0,ok,271.154
256,64,0.01,100,10,400,True,16,0,,0.0288393871203761,0.0289672335863071,0.028933424535293,0.0010941898913151,82.0,ok,296.233
256,64,0.01,100,10,400,False,16,0,,0.0287085998892693,0.0288120483769054,0.0288003053664425,0.01,79.0,ok,297.658
256,64,0.01,100,10,4000,True,16,0,,0.0285159984959797,0.0286382013138988,0.0286004493961724,0.0020589113209464,58.0,ok,190.867
256,64,0.01,100,10,4000,False,16,0,,0.028587362481781,0.028691951498893,0.0286472176794995,0.01,37.0,ok,127.44
256,64,0.01,100,20,40,True,16,0,,0.0305012370820124,0.0305433667532634,0.0305062867019094,0.0018530201888518,100.0,ok,287.131
256,64,0.01,100,20,40,False,16,0,,0.0302840334700263,0.0304075568271037,0.030409659541909,0.01,100.0,ok,276.837
256,64,0.01,100,20,400,True,16,0,,0.0288150151920181,0.0289151015248895,0.0289119655133496,0.0006461081889226,100.0,ok,373.235
256,64,0.01,100,20,400,False,16,0,,0.0286370803739837,0.028743225113389,0.0287106721170751,0.01,100.0,ok,365.978
256,64,0.01,100,20,4000,True,16,0,,0.028340469518255,0.0285510080151024,0.028472125860388,0.0005233476330273,100.0,ok,342.678
256,64,0.01,100,20,4000,False,16,0,,0.0282023468238691,0.0284088236377455,0.0282727483235029,0.01,100.0,ok,336.687
256,64,0.001,100,1,40,True,16,0,,0.0414221654084819,0.04142509192537,0.0413472754017023,0.001,100.0,ok,272.912
256,64,0.001,100,1,40,False,16,0,,0.0403767992968102,0.0405977650427781,0.040373040124726,0.001,100.0,ok,280.631
256,64,0.001,100,1,400,True,16,0,,0.030925433395932,0.0309793597025583,0.0310044302914773,0.00031381059609,87.0,ok,325.84
256,64,0.001,100,1,400,False,16,0,,0.0312905863651021,0.0313335543371759,0.0314481713839255,0.001,100.0,ok,366.007
256,64,0.001,100,1,4000,True,16,0,,0.0299447149510705,0.0299580069087579,0.0300061737970751,0.001,17.0,ok,61.023
256,64,0.001,100,1,4000,False,16,0,,0.0289766833667136,0.0290936178421284,0.0290575545358513,0.001,34.0,ok,118.75
256,64,0.001,100,3,40,True,16,0,,0.0399920994667921,0.0401469508903455,0.040193182758547,0.001,100.0,ok,274.771
256,64,0.001,100,3,40,False,16,0,,0.0408829775139291,0.0404739093389118,0.0408197975402871,0.001,100.0,ok,289.605
256,64,0.001,100,3,400,True,16,0,,0.0315384738071382,0.0315643381955969,0.031613642941903,0.0002541865828329,100.0,ok,364.532
256,64,0.001,100,3,400,False,16,0,,0.0302731369551753,0.0304251612285276,0.0303716357960001,0.001,100.0,ok,373.115
256,64,0.001,100,3,4000,True,16,0,,0.0288897686883133,0.028983415364176,0.029009541090697,0.000387420489,50.0,ok,164.312
256,64,0.001,100,3,4000,False,16,0,,0.0289165303154539,0.0289758824246455,0.0290123546915709,0.001,46.0,ok,166.873
256,64,0.001,100,5,40,True,16,0,,0.0397910461656002,0.0396818792585055,0.0398380999757585,0.001,100.0,ok,305.234
256,64,0.001,100,5,40,False,16,0,,0.042446341502275,0.0425907419378372,0.0425579846876403,0.001,100.0,ok,273.418
256,64,0.001,100,5,400,True,16,0,,0.0313150099988363,0.031380268784262,0.0314863871665619,0.000282429536481,100.0,ok,375.426
256,64,0.001,100,5,400,False,16,0,,0.0308184542192275,0.0308913298011403,0.0310101620121247,0.001,100.0,ok,378.327
256,64,0.001,100,5,4000,True,16,0,,0.0288875882676536,0.0289717199222093,0.028938808977512,0.0001853020188851,69.0,ok,228.103
256,64,0.001,100,5,4000,False,16,0,,0.0287973270903572,0.0289098369554993,0.0289050444547467,0.001,71.0,ok,239.783
256,64,0.001,100,10,40,True,16,0,,0.0419436239107083,0.0419230755895038,0.0421419392257204,0.001,100.0,ok,295.905
256,64,0.001,100,10,40,False,16,0,,0.0388899439681053,0.0387909638049991,0.039096131995488,0.001,100.0,ok,272.973
256,64,0.001,100,10,400,True,16,0,,0.0303849007171229,0.0303563907316379,0.0304780348302425,0.0001667718169966,100.0,ok,366.496
256,64,0.001,100,10,400,False,16,0,,0.0306259687677531,0.0306513866283615,0.0306734519484602,0.001,100.0,ok,372.368
256,64,0.001,100,10,4000,True,16,0,,0.0288850126116544,0.0290383665161808,0.028977582360972,8.862938119652506e-05,88.0,ok,303.872
256,64,0.001,100,10,4000,False,16,0,,0.0286298033401743,0.0287410420428045,0.0287000568547257,0.001,100.0,ok,280.45
256,64,0.001,100,20,40,True,16,0,,0.0403275555610929,0.0403731228324996,0.0404791383923583,0.001,100.0,ok,287.307
256,64,0.001,100,20,40,False,16,0,,0.0420881137386426,0.042289451103024,0.0423405810834695,0.001,100.0,ok,275.905
256,64,0.001,100,20,400,True,16,0,,0.0314844907671078,0.0315327536791094,0.0315452415640041,0.0003486784401,100.0,ok,373.859
256,64,0.001,100,20,400,False,16,0,,0.0306503246160261,0.0306889187576969,0.0307766595662475,0.001,100.0,ok,367.03
256,64,0.001,100,20,4000,True,16,0,,0.0288748264819018,0.0290136891682384,0.028982183227403,7.17897987691853e-05,100.0,ok,346.43
256,64,0.001,100,20,4000,False,16,0,,0.0286905411308815,0.0287997933799057,0.028797749006406,0.001,100.0,ok,334.19
256,128,0.1,100,1,40,True,16,0,"UnboundLocalError(""cannot access local variable 'best_params' where it is not associated with a value"")",,,,,,error,3.68
256,128,0.1,100,1,40,False,16,0,,0.0308718188184318,0.0307839065174947,0.0310065640916582,0.1,3.0,ok,13.184
256,128,0.1,100,1,400,True,16,0,"UnboundLocalError(""cannot access local variable 'best_params' where it is not associated with a value"")",,,,,,error,4.8
256,128,0.1,100,1,400,False,16,0,"UnboundLocalError(""cannot access local variable 'best_params' where it is not associated with a value"")",,,,,,error,4.639
256,128,0.1,100,1,4000,True,16,0,,0.0288821483164133,0.0289278249993654,0.0289521961883001,0.1,4.0,ok,24.787
256,128,0.1,100,1,4000,False,16,0,"UnboundLocalError(""cannot access local variable 'best_params' where it is not associated with a value"")",,,,,,error,5.73
256,128,0.1,100,3,40,True,16,0,,0.0296777892634202,0.0296093640531853,0.0297437539592947,0.0150094635296999,61.0,ok,213.158
256,128,0.1,100,3,40,False,16,0,"UnboundLocalError(""cannot access local variable 'best_params' where it is not associated with a value"")",,,,,,error,10.033
256,128,0.1,100,3,400,True,16,0,,0.0288817702463676,0.0289243478233152,0.0288956776965447,0.059049,22.0,ok,100.771
256,128,0.1,100,3,400,False,16,0,,0.0289071826642302,0.0289244124181756,0.0289303672873098,0.1,17.0,ok,79.029
256,128,0.1,100,3,4000,True,16,0,,0.0283783564261589,0.0285225996324447,0.028384056076163,0.09,16.0,ok,96.252
256,128,0.1,100,3,4000,False,16,0,,0.0285354455723198,0.0286201666321209,0.0286128056121101,0.1,23.0,ok,136.221
256,128,0.1,100,5,40,True,16,0,,0.02933532866399,0.0293127425641324,0.0293830947141988,0.0121576654590569,69.0,ok,238.574
256,128,0.1,100,5,40,False,16,0,,0.0292824748341763,0.0292616800321163,0.0293081070388444,0.1,100.0,ok,365.981
256,128,0.1,100,5,400,True,16,0,,0.0289021053212229,0.0289082580739899,0.0289606077541712,0.0185302018885184,54.0,ok,253.84
256,128,0.1,100,5,400,False,16,0,"UnboundLocalError(""cannot access local variable 'best_params' where it is not associated with a value"")",,,,,,error,22.325
256,128,0.1,100,5,4000,True,16,0,,0.0281148165081319,0.028296706065363,0.0282088600986194,0.043046721,39.0,ok,228.286
256,128,0.1,100,5,4000,False,16,0,,0.0283921109824938,0.0284905883458199,0.0282929728970032,0.1,23.0,ok,132.256
256,128,0.1,100,10,40,True,16,0,"UnboundLocalError(""cannot access local variable 'best_params' where it is not associated with a value"")",,,,,,error,36.076
256,128,0.1,100,10,40,False,16,0,,0.0291386947665208,0.0291711934778309,0.0292373909379558,0.1,100.0,ok,350.345
256,128,0.1,100,10,400,True,16,0,"UnboundLocalError(""cannot access local variable 'best_params' where it is not associated with a value"")",,,,,,error,45.185
256,128,0.1,100,10,400,False,16,0,,0.0282553319779647,0.0283766060887916,0.0283075798439775,0.1,100.0,ok,466.826
256,128,0.1,100,10,4000,True,16,0,,0.0281923243781464,0.0283138382865133,0.0282303687941911,0.043046721,34.0,ok,199.354
256,128,0.1,100,10,4000,False,16,0,"UnboundLocalError(""cannot access local variable 'best_params' where it is not associated with a value"")",,,,,,error,56.341
256,128,0.1,100,20,40,True,16,0,,0.0297563829396194,0.0297024191065822,0.0298136950273731,0.0042391158275216,100.0,ok,357.876
256,128,0.1,100,20,40,False,16,0,,0.0308716991424954,0.0307839752603091,0.0310071546588773,0.1,22.0,ok,74.809
256,128,0.1,100,20,400,True,16,0,,0.0289385972691191,0.0289805698105254,0.0289578807192914,0.0042391158275216,100.0,ok,460.322
256,128,0.1,100,20,400,False,16,0,"UnboundLocalError(""cannot access local variable 'best_params' where it is not associated with a value"")",,,,,,error,91.045
256,128,0.1,100,20,4000,True,16,0,"UnboundLocalError(""cannot access local variable 'best_params' where it is not associated with a value"")",,,,,,error,114.379
256,128,0.1,100,20,4000,False,16,0,"UnboundLocalError(""cannot access local variable 'best_params' where it is not associated with a value"")",,,,,,error,112.244
256,128,0.01,100,1,40,True,16,0,,0.030879731930491,0.030980442921914,0.0310330784099699,0.004782969,76.0,ok,278.237
256,128,0.01,100,1,40,False,16,0,,0.0303200771267398,0.0304180180266305,0.0304067942863422,0.01,86.0,ok,308.926
256,128,0.01,100,1,400,True,16,0,,0.0299551435986862,0.0300641103782777,0.0298655400183056,0.01,18.0,ok,81.43
256,128,0.01,100,1,400,False,16,0,,0.0304811685411102,0.030648642281958,0.0306010163861491,0.01,13.0,ok,59.923
256,128,0.01,100,1,4000,True,16,0,,0.0292746583811565,0.0293513047728975,0.0290713874628649,0.01,4.0,ok,24.449
256,128,0.01,100,1,4000,False,16,0,,0.0298776861459148,0.0299783472159808,0.0297168439512155,0.01,3.0,ok,18.454
256,128,0.01,100,3,40,True,16,0,,0.0304807946902864,0.0305679490944955,0.0304975082141379,0.0016677181699666,100.0,ok,366.651
256,128,0.01,100,3,40,False,16,0,,0.0301153617932624,0.030287872154266,0.0302574352061665,0.01,100.0,ok,345.705
256,128,0.01,100,3,400,True,16,0,,0.0290842055784986,0.029238689224714,0.0291701315643093,0.006561,32.0,ok,149.367
256,128,0.01,100,3,400,False,16,0,,0.0289432374414866,0.0290729285899104,0.0290647325037866,0.01,42.0,ok,198.689
256,128,0.01,100,3,4000,True,16,0,,0.0290668676524982,0.0291632468161804,0.0289477537559313,0.009,12.0,ok,72.117
256,128,0.01,100,3,4000,False,16,0,,0.0290987908708711,0.0292205971931633,0.0289411729427483,0.01,9.0,ok,52.053
256,128,0.01,100,5,40,True,16,0,,0.0305337524172681,0.0306551675298337,0.0306466234149748,0.0018530201888518,100.0,ok,347.643
256,128,0.01,100,5,40,False,16,0,,0.0298075830329649,0.0298825865559337,0.0298781873734895,0.01,100.0,ok,371.494
256,128,0.01,100,5,400,True,16,0,,0.0288570371762712,0.0289797002101849,0.028941837329855,0.0018530201888518,68.0,ok,294.793
256,128,0.01,100,5,400,False,16,0,,0.028795894678787,0.028949528532703,0.0289270405216097,0.01,61.0,ok,275.882
256,128,0.01,100,5,4000,True,16,0,,0.0288180918971204,0.02894115366439,0.028757109702655,0.0081,15.0,ok,91.919
256,128,0.01,100,5,4000,False,16,0,,0.0285348713536408,0.0286793031314314,0.0286179287645925,0.01,24.0,ok,142.624
256,128,0.01,100,10,40,True,16,0,,0.0309951316133373,0.0311129015349208,0.0310302837065973,0.0022876792454961,100.0,ok,350.46
256,128,0.01,100,10,40,False,16,0,,0.0299885897238305,0.0301232188642616,0.0300157845682649,0.01,100.0,ok,372.604
256,128,0.01,100,10,400,True,16,0,,0.0287691121072119,0.0289066018111695,0.0288751909685671,0.0007976644307687,93.0,ok,439.972
256,128,0.01,100,10,400,False,16,0,,0.0285665378163867,0.0287099552143845,0.0286609014988869,0.01,100.0,ok,470.626
256,128,0.01,100,10,4000,True,16,0,,0.0283422115422037,0.0285038016603409,0.0284177251694759,0.00387420489,41.0,ok,249.255
256,128,0.01,100,10,4000,False,16,0,,0.0286210421313213,0.0287573364431229,0.028710353718594,0.01,24.0,ok,133.682
256,128,0.01,100,20,40,True,16,0,,0.0310410458631047,0.031115794286887,0.0311845291502365,0.0020589113209464,100.0,ok,363.961
256,128,0.01,100,20,40,False,16,0,,0.0302865403903826,0.0304399942331586,0.0304078782862929,0.01,100.0,ok,379.541
256,128,0.01,100,20,400,True,16,0,,0.0287952308660461,0.0289057995665098,0.0288800762260951,0.0007178979876918,100.0,ok,469.211
256,128,0.01,100,20,400,False,16,0,,0.0286165051880264,0.0287759504583656,0.0287080352036275,0.01,100.0,ok,459.75
256,128,0.01,100,20,4000,True,16,0,,0.0282689291213306,0.0284904904874819,0.0284483717877769,0.0005814973700304,100.0,ok,602.046
256,128,0.01,100,20,4000,False,16,0,,0.0281473446128454,0.0284029986280077,0.0282937910882227,0.01,100.0,ok,567.885
256,128,0.001,100,1,40,True,16,0,,0.0393101246659599,0.0393544706940444,0.0395297964880095,0.001,100.0,ok,351.652
256,128,0.001,100,1,40,False,16,0,,0.0413608698992173,0.0418146602958926,0.0415289537686529,0.001,100.0,ok,365.934
256,128,0.001,100,1,400,True,16,0,,0.0310532149822505,0.0310969227747704,0.0311891787075943,0.000531441,71.0,ok,331.367
256,128,0.001,100,1,400,False,16,0,,0.030942067256393,0.0309290962298086,0.0311213597314356,0.001,82.0,ok,384.101
256,128,0.001,100,1,4000,True,16,0,,0.029472136246136,0.0296152920902275,0.0295650765097004,0.001,20.0,ok,118.169
256,128,0.001,100,1,4000,False,16,0,,0.0298278365764454,0.0299919150162579,0.0298256416491352,0.001,18.0,ok,100.253
256,128,0.001,100,3,40,True,16,0,,0.0411639030221864,0.0411987221519078,0.0412946364503163,0.001,100.0,ok,364.514
256,128,0.001,100,3,40,False,16,0,,0.041796888641205,0.0421395670692086,0.0418036740150499,0.001,100.0,ok,377.287
256,128,0.001,100,3,400,True,16,0,,0.0308284724156721,0.0309564136760747,0.0309182369877324,0.0002287679245496,100.0,ok,451.246
256,128,0.001,100,3,400,False,16,0,,0.0307020283723453,0.0308438816168769,0.0308467493001163,0.001,100.0,ok,473.795
256,128,0.001,100,3,4000,True,16,0,,0.0289307604079888,0.0290506772761992,0.0291166671154311,0.000387420489,53.0,ok,314.263
256,128,0.001,100,3,4000,False,16,0,,0.0291356100443728,0.029287068497404,0.0291110059182514,0.001,40.0,ok,228.792
256,128,0.001,100,5,40,True,16,0,,0.0399239323199695,0.0400811483177183,0.0399213958166917,0.001,100.0,ok,369.769
256,128,0.001,100,5,40,False,16,0,,0.0411632538328542,0.04103276783325,0.0411367725150083,0.001,100.0,ok,350.584
256,128,0.001,100,5,400,True,16,0,,0.0310969091703754,0.0312055409882894,0.0311667242760365,0.0002541865828329,100.0,ok,467.362
256,128,0.001,100,5,400,False,16,0,,0.0303331378831739,0.0304168840386319,0.0304355319373907,0.001,100.0,ok,459.329
256,128,0.001,100,5,4000,True,16,0,,0.0288947017389022,0.0290366218947079,0.028979684550174,0.0002058911320946,64.0,ok,378.347
256,128,0.001,100,5,4000,False,16,0,,0.0286001795675874,0.0287649048644091,0.0287348740787048,0.001,86.0,ok,486.387
256,128,0.001,100,10,40,True,16,0,,0.042130879651873,0.0421619592711449,0.0419032451114795,0.001,100.0,ok,373.309
256,128,0.001,100,10,40,False,16,0,,0.042285011447152,0.0424013799919948,0.0425180876555957,0.001,100.0,ok,348.73
256,128,0.001,100,10,400,True,16,0,,0.0310659485993214,0.0311456451182744,0.0312091465689559,0.000282429536481,100.0,ok,463.431
256,128,0.001,100,10,400,False,16,0,,0.0307706543282672,0.0308930117920583,0.0309231445810566,0.001,100.0,ok,466.362
256,128,0.001,100,10,4000,True,16,0,,0.02886584488642,0.0291305460118945,0.0290443640272812,7.17897987691853e-05,100.0,ok,589.436
256,128,0.001,100,10,4000,False,16,0,,0.0286342033061919,0.0287772741348656,0.0287224882259895,0.001,100.0,ok,565.575
256,128,0.001,100,20,40,True,16,0,,0.0425635483445809,0.0424848219155389,0.0427456948316221,0.001,100.0,ok,348.354
256,128,0.001,100,20,40,False,16,0,,0.0407889427733986,0.0409343915423063,0.0408224581391281,0.001,100.0,ok,369.883
256,128,0.001,100,20,400,True,16,0,,0.0309437371198753,0.0311097575340907,0.0310549849557486,0.0002287679245496,100.0,ok,467.397
256,128,0.001,100,20,400,False,16,0,,0.030476183244466,0.0304911133555023,0.0305764809616787,0.001,100.0,ok,452.582
256,128,0.001,100,20,4000,True,16,0,,0.0288336640764413,0.0289376787349145,0.0289654198132508,7.17897987691853e-05,100.0,ok,595.025
256,128,0.001,100,20,4000,False,16,0,,0.0285712722958331,0.0286883130223403,0.0286867473016139,0.001,100.0,ok,563.141
